event_id,start_time,stop_time,drawdown_depth_cm,drop_rate_cm_s,fall_duration_s,recovery_5min_pct,start_hour,is_abnormal,anomaly_type,risk_score,flagged
1,2026-01-01 10:22:28.012936,2026-01-01 10:24:15.012936,13.349999999999994,0.12714285714285709,105.0,93.9325842696629,10,0,normal,13.614025139970968,0
2,2026-01-01 17:12:31.204825,2026-01-01 17:14:34.204825,14.560000000000002,0.11934426229508198,122.0,88.66758241758238,17,0,normal,18.96193196381578,0
3,2026-01-01 23:43:02.948702,2026-01-01 23:44:49.948702,13.569999999999993,0.12801886792452824,106.0,93.44141488577745,23,0,normal,12.020591918314937,0
4,2026-01-02 04:31:44.687261,2026-01-02 04:33:45.687261,14.409999999999997,0.1200833333333333,120.0,91.74184594031924,4,0,normal,4.9590987455495075,0
5,2026-01-02 09:42:52.949028,2026-01-02 09:45:01.949028,14.769999999999996,0.11539062499999997,128.0,94.98984427894383,9,0,normal,15.303270208372766,0
6,2026-01-02 14:05:20.469409,2026-01-02 14:07:06.469409,12.510000000000005,0.11914285714285719,105.0,89.52837729816146,14,0,normal,26.888925804607457,0
7,2026-01-02 19:15:59.672398,2026-01-02 19:17:44.672398,14.810000000000002,0.1424038461538462,104.0,88.99392302498316,19,0,normal,20.361812188534568,0
8,2026-01-03 01:37:13.247694,2026-01-03 01:38:59.247694,14.070000000000007,0.13400000000000006,105.0,90.40511727078886,1,0,normal,8.60394116515863,0
9,2026-01-03 07:25:47.496480,2026-01-03 07:27:28.496480,14.170000000000002,0.14170000000000002,100.0,94.56598447424128,7,0,normal,22.04685495300583,0
10,2026-01-03 12:12:59.968597,2026-01-03 12:14:43.968597,13.120000000000005,0.12737864077669908,103.0,87.11890243902441,12,0,normal,40.94565043115313,0
11,2026-01-03 18:03:27.146150,2026-01-03 18:05:27.146150,13.189999999999998,0.11084033613445377,119.0,94.84457922668695,18,0,normal,55.331058639082904,1
12,2026-01-04 00:42:04.059976,2026-01-04 00:44:09.059976,15.299999999999997,0.12540983606557374,122.0,85.88235294117649,0,0,normal,51.624834274390295,1
13,2026-01-04 07:12:08.398609,2026-01-04 07:13:55.398609,13.879999999999995,0.13094339622641504,106.0,90.99423631123919,7,0,normal,11.243046049372678,0
14,2026-01-04 13:42:33.910629,2026-01-04 13:44:31.910629,14.600000000000009,0.12586206896551733,116.0,90.34246575342468,13,0,normal,5.044403305433604,0
15,2026-01-04 19:06:14.507726,2026-01-04 19:08:14.507726,14.659999999999997,0.12319327731092435,119.0,90.9959072305594,19,0,normal,4.678893891696042,0
16,2026-01-05 01:52:56.909845,2026-01-05 01:54:48.909845,14.790000000000006,0.1332432432432433,111.0,93.84719405003383,1,0,normal,7.066462054204687,0
17,2026-01-05 08:16:04.867968,2026-01-05 08:18:10.867968,14.560000000000002,0.1174193548387097,124.0,91.89560439560445,8,0,normal,8.737775417316568,0
18,2026-01-05 13:36:00.706855,2026-01-05 13:37:46.706855,14.450000000000003,0.13761904761904764,105.0,95.57093425605537,13,0,normal,10.31002152807294,0
19,2026-01-05 20:21:28.627123,2026-01-05 20:23:30.627123,13.959999999999994,0.11537190082644623,121.0,94.41260744985672,20,0,normal,17.79246499115215,0
20,2026-01-06 02:36:06.725771,2026-01-06 02:37:59.725771,15.709999999999994,0.14026785714285708,112.0,91.15213239974538,2,0,normal,14.82315608123276,0
21,2026-01-06 06:57:40.790178,2026-01-06 06:59:50.790178,17.36,0.1345736434108527,129.0,91.01382488479261,6,0,normal,42.20826174684638,0
22,2026-01-06 13:08:12.228393,2026-01-06 13:10:17.228393,14.920000000000002,0.1203225806451613,124.0,93.90080428954425,13,0,normal,6.842861896058075,0
23,2026-01-06 20:05:24.195096,2026-01-06 20:07:31.195096,14.809999999999988,0.11753968253968244,126.0,97.29912221471983,20,0,normal,24.121589021367516,0
24,2026-01-07 00:46:50.086858,2026-01-07 00:48:34.086858,15.0,0.14563106796116504,103.0,92.06666666666669,0,0,normal,21.23745581345018,0
25,2026-01-07 05:12:53.405449,2026-01-07 05:14:33.405449,13.030000000000001,0.1329591836734694,98.0,89.63929393706836,5,0,normal,44.07226003864698,0
26,2026-01-07 11:30:10.940407,2026-01-07 11:32:09.940407,16.970000000000013,0.14381355932203402,118.0,93.22333529758394,11,0,normal,23.42922294948805,0
27,2026-01-07 17:32:47.887165,2026-01-07 17:34:47.887165,14.0,0.11965811965811966,117.0,93.49999999999993,17,0,normal,5.801771043696693,0
28,2026-01-07 23:38:54.860104,2026-01-07 23:40:39.860104,14.550000000000011,0.13990384615384627,104.0,94.29553264604813,23,0,normal,9.855840142305395,0
29,2026-01-08 04:12:12.137550,2026-01-08 04:14:09.137550,15.099999999999994,0.1301724137931034,116.0,94.63576158940396,4,0,normal,7.507365088351759,0
30,2026-01-08 10:33:56.689032,2026-01-08 10:35:57.689032,14.780000000000001,0.12316666666666667,120.0,96.617050067659,10,0,normal,8.928446957434208,0
31,2026-01-08 17:36:29.790705,2026-01-08 17:38:11.790705,14.200000000000003,0.14059405940594064,101.0,91.61971830985918,17,0,normal,13.884707406687873,0
32,2026-01-08 22:56:44.374437,2026-01-08 22:58:46.374437,15.450000000000003,0.12768595041322317,121.0,90.29126213592234,22,0,normal,7.6667013191346705,0
33,2026-01-09 05:26:29.180770,2026-01-09 05:28:10.180770,14.769999999999996,0.14769999999999997,100.0,88.69329722410299,5,0,normal,53.576826414006426,1
34,2026-01-09 09:49:10.499959,2026-01-09 09:50:54.499959,12.530000000000001,0.12165048543689322,103.0,95.61053471668,9,0,normal,48.01443665947151,0
35,2026-01-09 15:08:20.625995,2026-01-09 15:10:19.625995,15.840000000000003,0.13423728813559324,118.0,93.1818181818181,15,0,normal,8.390984228005333,0
36,2026-01-09 19:39:20.494971,2026-01-09 19:41:13.494971,14.710000000000008,0.1313392857142858,112.0,97.21278042148201,19,0,normal,19.998336481534107,0
37,2026-01-09 23:54:27.664721,2026-01-09 23:56:11.664721,12.710000000000008,0.12339805825242726,103.0,88.82769472856018,23,0,normal,26.467194722785084,0
38,2026-01-10 06:52:31.859802,2026-01-10 06:54:29.859802,14.450000000000003,0.12350427350427352,117.0,93.49480968858134,6,0,normal,4.404560320370228,0
39,2026-01-10 12:18:08.369932,2026-01-10 12:20:06.369932,15.439999999999998,0.13196581196581195,117.0,92.09844559585493,12,0,normal,5.804037188925316,0
40,2026-01-10 16:31:10.976338,2026-01-10 16:33:11.976338,14.209999999999994,0.11841666666666661,120.0,93.10344827586214,16,0,normal,5.77429670388588,0
41,2026-01-10 22:20:46.658964,2026-01-10 22:22:48.658964,16.790000000000006,0.13876033057851245,121.0,86.95652173913045,22,0,normal,55.170470735678165,1
42,2026-01-11 04:50:02.998713,2026-01-11 04:52:11.998713,15.41000000000001,0.12039062500000008,128.0,90.525632706035,4,0,normal,19.109807292850377,0
43,2026-01-11 11:27:03.255519,2026-01-11 11:28:58.255519,15.649999999999991,0.1372807017543859,114.0,95.65495207667736,11,0,normal,15.542484486524492,0
44,2026-01-11 17:09:48.177292,2026-01-11 17:11:28.177292,13.879999999999995,0.14020202020202016,99.0,93.01152737752162,17,0,normal,25.146003809730555,0
45,2026-01-11 22:37:01.793311,2026-01-11 22:39:07.793311,14.550000000000011,0.11640000000000009,125.0,94.91408934707898,22,0,normal,11.682259426801673,0
46,2026-01-12 03:26:02.103711,2026-01-12 03:28:12.103711,17.239999999999995,0.13468749999999996,128.0,91.58932714617177,3,0,normal,34.04802833319193,0
47,2026-01-12 07:44:18.217267,2026-01-12 07:46:28.217267,16.33,0.1265891472868217,129.0,90.9981628903858,7,0,normal,27.932105009680193,0
48,2026-01-12 12:46:38.001661,2026-01-12 12:48:45.001661,15.509999999999991,0.12309523809523802,126.0,93.93939393939395,12,0,normal,13.380054477999918,0
49,2026-01-12 17:05:51.091325,2026-01-12 17:07:59.091325,17.320000000000007,0.13746031746031753,126.0,91.33949191685913,17,0,normal,35.044440693628154,0
50,2026-01-12 23:30:18.853496,2026-01-12 23:32:16.853496,14.38000000000001,0.122905982905983,117.0,92.62865090403338,23,0,normal,4.491425060278824,0
51,2026-01-13 05:46:02.230187,2026-01-13 05:48:10.230187,14.780000000000001,0.11637795275590553,127.0,94.3166441136671,5,0,normal,11.516445983425847,0
52,2026-01-13 11:51:28.321226,2026-01-13 11:53:11.321226,12.560000000000002,0.12313725490196081,102.0,92.11783439490449,11,0,normal,28.7201281363828,0
53,2026-01-13 17:30:12.762892,2026-01-13 17:32:12.762892,15.36999999999999,0.12915966386554614,119.0,95.90110605074824,17,0,normal,10.113118315730423,0
54,2026-01-13 21:54:20.147262,2026-01-13 21:56:20.147262,17.209999999999994,0.14462184873949574,119.0,92.33004067402678,21,0,normal,31.109390387997966,0
55,2026-01-14 03:10:03.348010,2026-01-14 03:11:58.348010,16.590000000000003,0.14552631578947373,114.0,91.74201326100058,3,0,normal,29.7624877059071,0
56,2026-01-14 08:49:39.045680,2026-01-14 08:51:31.045680,14.829999999999998,0.1336036036036036,111.0,95.34726904922456,8,0,normal,9.71327484178606,0
57,2026-01-14 15:40:08.434287,2026-01-14 15:42:05.434287,14.540000000000006,0.12534482758620696,116.0,90.78404401650617,15,0,normal,4.850116647305296,0
58,2026-01-14 20:42:50.772041,2026-01-14 20:44:34.772041,13.510000000000005,0.13116504854368938,103.0,90.08142116950405,20,0,normal,11.255057383547994,0
59,2026-01-15 01:27:25.001032,2026-01-15 01:29:09.001032,14.600000000000009,0.14313725490196086,102.0,86.91780821917811,1,0,normal,37.95779134475433,0
60,2026-01-15 07:52:11.377496,2026-01-15 07:54:11.377496,14.150000000000006,0.12094017094017098,117.0,95.40636042402822,7,0,normal,7.58956568604236,0
61,2026-01-15 14:45:31.434115,2026-01-15 14:47:22.434115,14.120000000000005,0.1283636363636364,110.0,90.08498583569411,14,0,normal,7.636383357042545,0
62,2026-01-15 19:30:40.621930,2026-01-15 19:32:43.621930,15.340000000000003,0.12573770491803282,122.0,93.15514993481098,19,0,normal,6.475855135967255,0
63,2026-01-16 00:03:02.205435,2026-01-16 00:04:48.205435,14.019999999999996,0.1335238095238095,105.0,94.36519258202574,0,0,normal,8.73152384634206,0
64,2026-01-16 05:47:53.938126,2026-01-16 05:49:58.938126,16.36,0.13193548387096773,124.0,91.25916870415644,5,0,normal,18.799894949422985,0
65,2026-01-16 11:15:26.802481,2026-01-16 11:17:23.802481,14.170000000000002,0.12215517241379312,116.0,89.69654199011991,11,0,normal,9.436662006640384,0
66,2026-01-16 15:46:02.671953,2026-01-16 15:47:44.671953,14.61,0.14465346534653464,101.0,93.70294318959616,15,0,normal,19.258047631924605,0
67,2026-01-16 22:17:22.811744,2026-01-16 22:19:28.811744,15.189999999999998,0.12151999999999998,125.0,93.02172481895991,22,0,normal,9.408327687140412,0
68,2026-01-17 03:43:39.089918,2026-01-17 03:45:40.089918,16.52000000000001,0.13766666666666674,120.0,92.43341404358354,3,0,normal,14.490911138197486,0
69,2026-01-17 08:51:38.789876,2026-01-17 08:53:28.789876,12.549999999999997,0.11513761467889906,109.0,89.800796812749,8,0,normal,44.37611385425675,0
70,2026-01-17 13:02:28.398682,2026-01-17 13:04:10.398682,13.840000000000003,0.13702970297029707,101.0,89.73988439306358,13,0,normal,18.07679921190326,0
71,2026-01-17 20:04:22.915032,2026-01-17 20:06:26.915032,14.689999999999998,0.11943089430894308,123.0,91.62695711368285,20,0,normal,7.874296017090022,0
72,2026-01-18 01:41:54.129729,2026-01-18 01:43:46.129729,13.969999999999999,0.12585585585585585,111.0,93.62920544022916,1,0,normal,9.462181469846026,0
73,2026-01-19 03:39:30.129729,2026-01-19 03:42:55.129729,20.099999999999994,0.10049999999999998,200.0,89.99999999999997,3,1,slight_excess_runtime,66.44591431542717,1
74,2026-01-19 08:41:33.121862,2026-01-19 08:43:25.121862,18.42,0.16446428571428573,112.0,60.96634093376766,8,1,slow_valve_recovery,87.5850512210132,1
75,2026-01-19 15:35:15.622277,2026-01-19 15:37:07.622277,14.959999999999994,0.13477477477477473,111.0,95.2540106951872,15,0,normal,11.005446998540586,0
76,2026-01-19 20:01:28.495942,2026-01-19 20:04:13.495942,22.209999999999994,0.13542682926829264,164.0,85.05177847816302,20,1,normal_hour_draw,77.14532347859169,1
77,2026-01-20 02:41:30.495942,2026-01-20 02:44:28.495942,20.61,0.11777142857142857,175.0,94.0805434255216,2,1,slight_excess_runtime,49.74291912482643,0
78,2026-01-20 07:59:28.434495,2026-01-20 08:01:29.434495,20.64999999999999,0.17208333333333325,120.0,63.438256658595634,7,1,slow_valve_recovery,85.5532441148184,1
79,2026-01-20 12:51:11.678746,2026-01-20 12:53:02.678746,15.200000000000003,0.1381818181818182,110.0,94.4736842105263,12,0,normal,12.38199999210452,0
80,2026-01-20 17:45:49.548564,2026-01-20 17:48:17.548564,19.89,0.1353061224489796,147.0,82.1518350930115,17,1,normal_hour_draw,76.7699955245799,1
81,2026-01-21 00:12:51.738009,2026-01-21 00:14:55.738009,20.519999999999996,0.16682926829268288,123.0,63.060428849902536,0,1,slow_valve_recovery,85.48940908724718,1
82,2026-01-21 07:16:00.454091,2026-01-21 07:18:38.454091,22.30000000000001,0.14203821656050963,157.0,82.24215246636768,7,1,normal_hour_draw,83.88378856521042,1
83,2026-01-21 13:34:05.522567,2026-01-21 13:37:04.522567,20.960000000000008,0.11775280898876408,178.0,91.03053435114506,13,1,slight_excess_runtime,48.361218410981536,0
84,2026-01-21 19:43:12.352393,2026-01-21 19:45:12.352393,15.350000000000009,0.12899159663865553,119.0,91.4657980456026,19,0,normal,5.935135097465342,0
85,2026-01-22 02:01:40.343392,2026-01-22 02:04:11.343392,20.010000000000005,0.13340000000000005,150.0,84.30784607696152,2,1,normal_hour_draw,77.57746394515995,1
86,2026-01-22 08:24:48.440758,2026-01-22 08:26:34.440758,13.469999999999999,0.12828571428571428,105.0,96.73348181143282,8,0,normal,26.421231601759917,0
87,2026-01-22 14:25:12.573518,2026-01-22 14:26:59.573518,13.719999999999999,0.12943396226415094,106.0,90.16034985422745,14,0,normal,11.079986677649789,0
88,2026-01-22 19:55:45.100397,2026-01-22 19:57:29.100397,14.730000000000004,0.14300970873786412,103.0,92.73591310251193,19,0,normal,11.562688376522628,0
89,2026-01-23 02:30:39.657731,2026-01-23 02:32:26.657731,16.929999999999993,0.15971698113207541,106.0,66.92262256349677,2,1,slow_valve_recovery,85.41308708717682,1
90,2026-01-23 08:25:10.848658,2026-01-23 08:26:51.848658,12.719999999999999,0.12719999999999998,100.0,94.49685534591192,8,0,normal,42.48463845151526,0
91,2026-01-23 12:59:34.095435,2026-01-23 13:01:33.095435,21.0,0.17796610169491525,118.0,60.00000000000004,12,1,slow_valve_recovery,85.29752279157712,1
92,2026-01-23 19:41:48.459181,2026-01-23 19:43:37.459181,14.189999999999998,0.13138888888888886,108.0,93.44608879492606,19,0,normal,7.745153897100352,0
93,2026-01-24 00:08:26.174369,2026-01-24 00:11:11.174369,17.61999999999999,0.10743902439024385,164.0,91.31668558456306,0,1,slight_excess_runtime,62.56925011897332,1
94,2026-01-24 06:15:33.559123,2026-01-24 06:18:03.559123,21.959999999999994,0.14738255033557043,149.0,88.29690346083791,6,1,normal_hour_draw,81.19435414780793,1
95,2026-01-24 13:05:34.048605,2026-01-24 13:07:15.048605,13.769999999999996,0.13769999999999996,100.0,92.73783587509078,13,0,normal,19.556059056265095,0
96,2026-01-24 18:19:45.251949,2026-01-24 18:22:40.251949,22.570000000000007,0.12971264367816096,174.0,84.49268941072219,18,1,normal_hour_draw,81.70097204972936,1
97,2026-01-24 23:45:31.322568,2026-01-24 23:47:22.322568,15.72999999999999,0.1429999999999999,110.0,91.03623649078196,23,0,normal,19.36184966272445,0
98,2026-01-25 05:47:43.905508,2026-01-25 05:49:38.905508,13.64,0.11964912280701755,114.0,95.45454545454542,5,0,normal,13.573901105825348,0
99,2026-01-25 12:04:34.102913,2026-01-25 12:06:27.102913,13.460000000000008,0.1201785714285715,112.0,91.97622585438337,12,0,normal,16.58891416807377,0
100,2026-01-25 17:54:35.719501,2026-01-25 17:57:26.719501,19.25,0.11323529411764706,170.0,91.012987012987,17,1,slight_excess_runtime,56.57431850022995,1
101,2026-01-25 22:35:22.336711,2026-01-25 22:37:15.336711,15.0,0.13392857142857142,112.0,86.93333333333328,22,0,normal,34.353891957731925,0
102,2026-01-26 05:38:53.793960,2026-01-26 05:40:38.793960,13.379999999999995,0.12865384615384612,104.0,92.52615844544096,5,0,normal,14.153630246010586,0
103,2026-01-26 10:18:37.402903,2026-01-26 10:20:30.402903,13.450000000000003,0.12008928571428575,112.0,90.63197026022301,10,0,normal,17.085614319368755,0
104,2026-01-26 15:03:53.462538,2026-01-26 15:06:35.462538,21.03,0.13062111801242238,161.0,84.68854018069419,15,1,normal_hour_draw,81.2101613221533,1
105,2026-01-26 20:13:54.350645,2026-01-26 20:15:41.350645,13.540000000000006,0.128952380952381,105.0,87.96159527326444,20,0,normal,24.84470782367466,0
106,2026-01-27 02:11:30.350645,2026-01-27 02:14:52.350645,21.33,0.10611940298507462,201.0,91.70182841068919,2,1,slight_excess_runtime,63.19828772391,1
107,2026-01-27 08:20:05.081808,2026-01-27 08:22:52.081808,21.58,0.12999999999999998,166.0,80.86190917516221,8,1,normal_hour_draw,82.02334029199257,1
108,2026-01-27 12:59:18.207820,2026-01-27 13:01:22.207820,20.379999999999995,0.16569105691056907,123.0,62.75760549558388,12,1,slow_valve_recovery,85.48940908724718,1
109,2026-01-27 18:00:34.546550,2026-01-27 18:03:38.546550,17.790000000000006,0.0972131147540984,183.0,96.79595278246201,18,1,slight_excess_runtime,76.59660500345906,1
110,2026-01-27 23:36:48.277943,2026-01-27 23:38:32.277943,12.320000000000007,0.11961165048543697,103.0,94.48051948051943,23,0,normal,42.937164628296024,0
111,2026-01-28 06:27:34.355239,2026-01-28 06:29:31.355239,18.25,0.15732758620689655,116.0,56.054794520547965,6,1,slow_valve_recovery,85.58997957410897,1
112,2026-01-28 11:03:37.648948,2026-01-28 11:05:37.648948,15.930000000000007,0.13386554621848745,119.0,88.38669177652224,11,0,normal,26.957479558043236,0
113,2026-01-28 15:28:19.626728,2026-01-28 15:30:06.626728,13.760000000000005,0.12981132075471702,106.0,89.60755813953483,15,0,normal,12.256310237924207,0
114,2026-01-28 21:00:48.180269,2026-01-28 21:02:35.180269,15.709999999999994,0.14820754716981127,106.0,93.44366645448767,21,0,normal,45.27648421369837,0
115,2026-01-29 03:34:22.265405,2026-01-29 03:36:22.265405,19.60000000000001,0.16470588235294126,119.0,64.84693877551022,3,1,slow_valve_recovery,85.5532441148184,1
116,2026-01-30 02:27:30.265405,2026-01-30 02:30:28.265405,19.739999999999995,0.11152542372881354,177.0,91.54002026342451,2,1,slight_excess_runtime,59.31963906369072,1
117,2026-01-31 03:49:30.265405,2026-01-31 03:52:50.265405,20.650000000000006,0.10589743589743593,195.0,89.53995157384989,3,1,slight_excess_runtime,72.23989917978076,1
118,2026-01-31 08:36:08.209628,2026-01-31 08:37:52.209628,13.530000000000001,0.13135922330097088,103.0,92.23946784922397,8,0,normal,11.702960798498761,0
119,2026-01-31 15:08:44.787071,2026-01-31 15:10:35.787071,18.540000000000006,0.1685454545454546,110.0,61.92017259978425,15,1,slow_valve_recovery,87.65035369221613,1
120,2026-01-31 21:40:05.806887,2026-01-31 21:41:57.806887,13.25,0.11936936936936937,111.0,92.90566037735852,21,0,normal,20.143679854900338,0
121,2026-02-01 03:58:14.752989,2026-02-01 04:00:06.752989,13.950000000000003,0.1256756756756757,111.0,91.6845878136201,3,0,normal,10.386958926336398,0
122,2026-02-01 09:02:40.728197,2026-02-01 09:04:43.728197,14.200000000000003,0.11639344262295084,122.0,90.84507042253513,9,0,normal,16.23206024711191,0
123,2026-02-01 14:43:02.789612,2026-02-01 14:45:56.789612,24.08,0.1391907514450867,173.0,87.2093023255814,14,1,normal_hour_draw,74.5998688586221,1
124,2026-02-01 21:22:39.429743,2026-02-01 21:24:49.429743,14.650000000000006,0.11356589147286826,129.0,89.62457337883963,21,0,normal,38.522095790892955,0
125,2026-02-02 02:13:14.576294,2026-02-02 02:14:56.576294,14.920000000000002,0.14772277227722774,101.0,93.23056300268094,2,0,normal,43.8357721780268,0
126,2026-02-02 08:30:27.465303,2026-02-02 08:32:28.465303,18.489999999999995,0.1540833333333333,120.0,58.89670091941592,8,1,slow_valve_recovery,85.5532441148184,1
127,2026-02-02 14:05:18.660110,2026-02-02 14:07:00.660110,13.850000000000009,0.1385000000000001,100.0,95.09025270758119,14,0,normal,26.532061809574458,0
128,2026-02-02 19:03:02.093587,2026-02-02 19:04:50.093587,14.739999999999995,0.13775700934579435,107.0,94.2333785617368,19,0,normal,9.502742784416519,0
129,2026-02-02 23:24:41.387422,2026-02-02 23:27:29.387422,21.400000000000006,0.12814371257485033,167.0,85.37383177570096,23,1,normal_hour_draw,84.3172752555767,1
130,2026-02-03 03:45:22.406969,2026-02-03 03:48:51.406969,19.540000000000006,0.09394230769230773,208.0,89.6622313203685,3,1,slight_excess_runtime,71.25395393943228,1
