event_id,start_time,stop_time,is_abnormal,anomaly_type,pump_duration_sec
1,2026-01-01 11:07:55.456939,2026-01-01 11:09:57.456939,0,normal,122
2,2026-01-01 18:08:29.979723,2026-01-01 18:10:39.979723,0,normal,130
3,2026-01-01 23:53:33.027768,2026-01-01 23:55:48.027768,0,normal,135
4,2026-01-02 06:10:48.560537,2026-01-02 06:12:46.560537,0,normal,118
5,2026-01-02 11:15:14.560471,2026-01-02 11:16:59.560471,0,normal,105
6,2026-01-02 16:39:29.367624,2026-01-02 16:41:42.367624,0,normal,133
7,2026-01-02 23:11:08.269173,2026-01-02 23:13:02.269173,0,normal,114
8,2026-01-03 03:45:30.269173,2026-01-03 03:47:29.269173,1,slow_valve_recovery,119
9,2026-01-03 10:45:35.240128,2026-01-03 10:47:50.240128,0,normal,135
10,2026-01-03 17:54:32.961746,2026-01-03 17:56:31.961746,0,normal,119
11,2026-01-03 22:33:05.694149,2026-01-03 22:34:59.694149,0,normal,114
12,2026-01-04 04:32:26.526788,2026-01-04 04:34:45.526788,0,normal,139
13,2026-01-05 01:19:30.526788,2026-01-05 01:21:31.526788,1,slow_valve_recovery,121
14,2026-01-05 05:59:02.842484,2026-01-05 06:00:48.842484,0,normal,106
15,2026-01-06 01:57:30.842484,2026-01-06 02:05:57.842484,1,night_overpump,507
16,2026-01-06 09:17:47.730411,2026-01-06 09:19:47.730411,0,normal,120
17,2026-01-07 02:43:30.730411,2026-01-07 02:51:39.730411,1,night_overpump,489
18,2026-01-07 07:27:21.013946,2026-01-07 07:29:13.013946,1,slow_valve_recovery,112
19,2026-01-07 12:24:48.927917,2026-01-07 12:26:33.927917,0,normal,105
20,2026-01-07 17:45:17.186702,2026-01-07 17:47:24.186702,0,normal,127
21,2026-01-07 22:24:46.263845,2026-01-07 22:26:36.263845,0,normal,110
22,2026-01-08 01:02:30.263845,2026-01-08 01:08:47.263845,1,excessive_runtime,377
23,2026-01-08 07:40:19.362411,2026-01-08 07:42:30.362411,0,normal,131
24,2026-01-08 13:04:22.515946,2026-01-08 13:06:36.515946,0,normal,134
25,2026-01-08 18:02:26.392561,2026-01-08 18:04:41.392561,0,normal,135
26,2026-01-09 03:41:30.392561,2026-01-09 03:48:12.392561,1,night_overpump,402
27,2026-01-09 09:37:34.159471,2026-01-09 09:39:15.159471,0,normal,101
28,2026-01-09 17:40:28.204538,2026-01-09 17:42:46.204538,0,normal,138
29,2026-01-09 23:13:10.748124,2026-01-09 23:15:23.748124,0,normal,133
30,2026-01-10 04:38:20.800977,2026-01-10 04:40:38.800977,0,normal,138
31,2026-01-10 11:24:12.592098,2026-01-10 11:26:25.592098,0,normal,133
32,2026-01-11 03:52:30.592098,2026-01-11 03:54:56.592098,1,slow_valve_recovery,146
33,2026-01-11 09:02:34.317431,2026-01-11 09:04:40.317431,0,normal,126
34,2026-01-11 16:35:16.013538,2026-01-11 16:37:26.013538,0,normal,130
35,2026-01-11 21:28:07.900625,2026-01-11 21:30:03.900625,0,normal,116
36,2026-01-12 04:30:39.641225,2026-01-12 04:32:39.641225,0,normal,120
37,2026-01-13 02:15:30.641225,2026-01-13 02:24:09.641225,1,excessive_runtime,519
38,2026-01-13 10:25:03.882922,2026-01-13 10:27:20.882922,0,normal,137
39,2026-01-13 15:39:23.610007,2026-01-13 15:41:25.610007,0,normal,122
40,2026-01-13 20:32:54.343422,2026-01-13 20:35:03.343422,0,normal,129
41,2026-01-14 00:49:08.569958,2026-01-14 00:51:23.569958,1,slow_valve_recovery,135
42,2026-01-14 08:18:09.407983,2026-01-14 08:19:58.407983,0,normal,109
43,2026-01-14 15:35:06.680718,2026-01-14 15:36:46.680718,0,normal,100
44,2026-01-14 20:15:47.994754,2026-01-14 20:17:41.994754,0,normal,114
45,2026-01-15 01:22:15.828196,2026-01-15 01:24:16.828196,0,normal,121
46,2026-01-15 09:12:09.443622,2026-01-15 09:21:04.443622,1,night_overpump,535
47,2026-01-15 16:39:41.497792,2026-01-15 16:41:54.497792,0,normal,133
48,2026-01-15 21:22:59.538040,2026-01-15 21:24:56.538040,0,normal,117
49,2026-01-16 03:56:03.647174,2026-01-16 04:04:03.647174,1,excessive_runtime,480
50,2026-01-16 08:36:57.938794,2026-01-16 08:38:44.938794,0,normal,107
51,2026-01-16 15:03:06.026245,2026-01-16 15:05:02.026245,0,normal,116
52,2026-01-16 20:48:07.494138,2026-01-16 20:57:11.494138,1,night_overpump,544
53,2026-01-17 02:41:20.283577,2026-01-17 02:43:34.283577,0,normal,134
54,2026-01-17 09:56:32.362469,2026-01-17 09:58:49.362469,0,normal,137
55,2026-01-17 16:42:00.968507,2026-01-17 16:43:52.968507,0,normal,112
56,2026-01-18 00:25:15.939023,2026-01-18 00:27:09.939023,0,normal,114
57,2026-01-18 06:29:01.591476,2026-01-18 06:31:18.591476,0,normal,137
58,2026-01-18 11:02:56.658562,2026-01-18 11:05:05.658562,0,normal,129
59,2026-01-18 16:15:38.061199,2026-01-18 16:17:26.061199,0,normal,108
60,2026-01-19 02:52:30.061199,2026-01-19 02:59:15.061199,1,night_overpump,405
61,2026-01-19 09:17:12.540131,2026-01-19 09:19:03.540131,0,normal,111
62,2026-01-19 14:35:25.541909,2026-01-19 14:37:20.541909,0,normal,115
63,2026-01-19 21:39:01.139664,2026-01-19 21:40:47.139664,0,normal,106
64,2026-01-20 02:50:30.139664,2026-01-20 02:52:22.139664,1,slow_valve_recovery,112
65,2026-01-20 09:37:52.432447,2026-01-20 09:39:45.432447,0,normal,113
66,2026-01-21 02:57:30.432447,2026-01-21 03:04:13.432447,1,night_overpump,403
67,2026-01-21 09:09:05.972742,2026-01-21 09:15:46.972742,1,night_overpump,401
68,2026-01-21 16:57:40.621860,2026-01-21 16:59:51.621860,0,normal,131
69,2026-01-21 22:34:28.378248,2026-01-21 22:36:30.378248,0,normal,122
70,2026-01-22 04:09:40.902817,2026-01-22 04:11:43.902817,0,normal,123
71,2026-01-22 10:26:08.881741,2026-01-22 10:27:54.881741,0,normal,106
72,2026-01-22 15:15:30.324828,2026-01-22 15:17:48.324828,0,normal,138
73,2026-01-22 21:09:29.913056,2026-01-22 21:11:31.913056,0,normal,122
74,2026-01-23 02:37:08.422554,2026-01-23 02:38:55.422554,0,normal,107
75,2026-01-24 01:31:30.422554,2026-01-24 01:37:56.422554,1,excessive_runtime,386
76,2026-01-24 07:17:50.965027,2026-01-24 07:19:50.965027,0,normal,120
77,2026-01-25 01:44:30.965027,2026-01-25 01:46:34.965027,1,slow_valve_recovery,124
78,2026-01-26 03:08:30.965027,2026-01-26 03:15:32.965027,1,excessive_runtime,422
79,2026-01-26 09:41:24.318410,2026-01-26 09:43:18.318410,0,normal,114
80,2026-01-26 15:21:23.749803,2026-01-26 15:23:05.749803,0,normal,102
