time,level_cm,pump_on
1.0,25.81,0
2.0,25.8,0
3.0,25.79,0
4.0,25.92,0
5.0,26.14,0
6.0,25.93,0
7.0,25.97,0
8.0,26.36,0
9.0,26.16,0
10.0,25.95,0
11.0,25.75,0
12.0,26.03,0
13.0,26.11,0
14.0,25.98,0
15.0,26.08,0
16.0,26.07,0
17.0,26.0,0
18.0,26.11,0
19.0,25.94,0
20.0,25.73,0
21.0,25.3,0
22.0,25.75,0
23.0,26.08,0
24.0,25.56,0
25.0,25.95,0
26.0,26.11,0
27.0,25.85,0
28.0,26.11,0
29.0,31.68,0
30.0,26.21,0
31.0,26.32,0
32.0,26.64,0
33.0,26.02,0
34.0,25.72,1
35.0,25.6,1
36.0,25.43,1
37.0,25.81,1
38.0,25.76,1
39.0,25.62,1
40.0,25.55,1
41.0,25.41,1
42.0,25.44,1
43.0,25.36,1
44.0,25.41,1
45.0,25.01,1
46.0,24.39,1
47.0,24.9,1
48.0,24.67,1
49.0,24.47,1
50.0,24.44,1
51.0,23.96,1
52.0,24.6,1
53.0,23.92,1
54.0,24.74,1
55.0,24.48,1
56.0,23.94,1
57.0,24.43,1
58.0,23.76,1
59.0,23.96,0
60.0,24.03,0
61.0,24.33,0
62.0,24.79,0
63.0,28.27,0
64.0,24.17,0
65.0,24.41,0
66.0,28.3,0
67.0,24.48,0
68.0,24.56,0
69.0,24.66,0
70.0,24.54,0
71.0,25.07,0
72.0,24.57,0
73.0,24.74,0
74.0,24.95,0
75.0,24.75,0
76.0,24.91,0
77.0,24.87,0
78.0,24.86,0
79.0,25.65,0
80.0,25.45,0
81.0,25.34,0
82.0,25.56,0
83.0,25.03,0
84.0,25.47,0
85.0,25.36,0
86.0,25.97,0
87.0,25.53,0
88.0,25.48,0
89.0,25.56,0
90.0,25.85,0
91.0,25.46,0
92.0,25.54,0
93.0,25.77,0
94.0,26.11,0
95.0,25.81,0
96.0,26.11,0
97.0,25.59,0
98.0,25.95,0
99.0,25.71,0
100.0,25.75,0
101.0,25.27,0
102.0,21.0,0
103.0,25.67,0
104.0,25.79,0
105.0,25.82,0
106.0,25.22,0
107.0,25.96,0
108.0,25.67,0
109.0,25.95,0
110.0,26.24,0
111.0,25.86,0
112.0,25.99,0
113.0,26.23,0
114.0,25.78,0
115.0,25.92,0
116.0,25.93,0
117.0,25.71,0
118.0,26.0,0
119.0,25.94,0
120.0,25.97,0
121.0,25.97,0
122.0,26.09,0
123.0,26.35,0
124.0,25.92,0
125.0,26.09,0
126.0,26.07,0
127.0,25.86,0
128.0,26.15,0
129.0,25.74,0
130.0,25.58,0
131.0,26.0,0
132.0,26.0,0
133.0,26.09,0
134.0,26.64,0
135.0,26.12,0
136.0,25.44,0
137.0,26.19,0
138.0,26.0,0
139.0,26.27,0
140.0,26.26,0
141.0,25.48,0
142.0,25.75,0
143.0,25.87,0
144.0,25.42,0
145.0,26.24,0
146.0,25.33,0
147.0,26.38,1
148.0,26.31,1
149.0,25.78,1
150.0,25.21,1
151.0,25.55,1
152.0,25.93,1
153.0,26.2,1
154.0,25.48,1
155.0,26.09,1
156.0,25.33,1
157.0,24.41,1
158.0,24.79,1
159.0,24.8,1
160.0,24.8,1
161.0,24.73,1
162.0,23.98,1
163.0,24.55,1
164.0,24.49,1
165.0,24.53,0
166.0,24.8,0
167.0,19.3,0
168.0,24.47,0
169.0,25.44,0
170.0,24.57,0
171.0,25.07,0
172.0,24.22,0
173.0,24.98,0
174.0,25.17,0
175.0,24.94,0
176.0,25.05,0
177.0,25.4,0
178.0,25.14,0
179.0,24.88,0
180.0,25.11,0
181.0,28.91,0
182.0,25.57,0
183.0,25.21,0
184.0,24.65,0
185.0,25.26,0
186.0,25.11,0
187.0,25.82,0
188.0,25.19,0
189.0,25.01,0
190.0,25.87,0
191.0,26.27,0
192.0,26.07,0
193.0,25.92,0
194.0,24.98,0
195.0,24.94,0
196.0,25.54,0
197.0,25.84,0
198.0,25.7,0
199.0,25.63,0
200.0,25.42,0
201.0,25.42,0
202.0,25.53,0
203.0,25.62,0
204.0,25.52,0
205.0,25.44,0
206.0,26.05,0
207.0,25.5,0
208.0,25.7,0
209.0,26.19,0
210.0,25.66,0
211.0,25.33,0
212.0,25.93,0
213.0,25.91,0
214.0,25.82,0
215.0,25.78,0
216.0,25.73,0
217.0,26.02,0
218.0,26.07,0
219.0,25.91,0
220.0,26.19,0
221.0,25.92,0
222.0,25.95,0
223.0,26.02,0
224.0,26.02,0
225.0,25.6,0
226.0,25.91,0
227.0,26.08,0
228.0,26.2,0
229.0,26.4,0
230.0,25.87,0
231.0,26.19,0
232.0,26.07,0
233.0,25.98,0
234.0,25.58,0
235.0,25.78,0
236.0,25.97,0
237.0,25.81,0
238.0,25.75,0
239.0,26.55,0
240.0,25.83,0
241.0,25.72,0
242.0,25.93,0
243.0,25.56,0
244.0,25.97,0
245.0,25.76,0
246.0,25.7,0
247.0,26.09,0
248.0,26.26,0
249.0,25.75,0
250.0,26.18,0
251.0,25.71,0
252.0,26.45,0
253.0,25.97,1
254.0,25.9,1
255.0,25.96,1
256.0,26.11,1
257.0,25.39,1
258.0,25.71,1
259.0,25.97,1
260.0,25.66,1
261.0,25.22,1
262.0,25.12,1
263.0,24.62,1
264.0,24.87,1
265.0,25.09,1
266.0,25.12,1
267.0,24.64,1
268.0,24.48,1
269.0,24.72,1
270.0,24.77,0
271.0,24.68,0
272.0,25.08,0
273.0,24.62,0
274.0,24.87,0
275.0,24.9,0
276.0,24.54,0
277.0,24.77,0
278.0,25.04,0
279.0,25.27,0
280.0,25.1,0
281.0,25.05,0
282.0,25.13,0
283.0,24.8,0
284.0,25.09,0
285.0,25.14,0
286.0,25.54,0
287.0,25.06,0
288.0,25.62,0
289.0,25.46,0
290.0,25.31,0
291.0,25.48,0
292.0,25.56,0
293.0,25.25,0
294.0,26.09,0
295.0,25.79,0
296.0,25.66,0
297.0,25.68,0
298.0,25.48,0
299.0,25.98,0
300.0,25.86,0
301.0,25.68,0
302.0,26.04,0
303.0,25.83,0
304.0,25.92,0
305.0,25.46,0
306.0,25.91,0
307.0,25.82,0
308.0,25.52,0
309.0,25.23,0
310.0,25.52,0
311.0,26.14,0
312.0,25.18,0
313.0,25.75,0
314.0,25.96,0
315.0,26.05,0
316.0,26.03,0
317.0,26.05,0
318.0,25.94,0
319.0,25.93,0
320.0,26.04,0
321.0,25.95,0
322.0,25.9,0
323.0,26.43,0
324.0,25.85,0
325.0,25.84,0
326.0,25.37,0
327.0,26.12,0
328.0,26.13,0
329.0,25.98,0
330.0,26.12,0
331.0,25.71,0
332.0,26.06,0
333.0,26.07,0
334.0,26.25,0
335.0,25.9,0
336.0,26.23,0
337.0,25.91,0
338.0,25.72,0
339.0,26.3,0
340.0,25.71,0
341.0,25.95,0
342.0,25.65,0
343.0,25.98,0
344.0,25.97,0
345.0,25.67,0
346.0,25.95,0
347.0,26.17,0
348.0,26.24,0
349.0,26.13,0
350.0,26.3,0
351.0,26.26,0
352.0,25.63,0
353.0,26.12,0
354.0,26.1,0
355.0,26.06,0
356.0,26.09,1
357.0,25.91,1
358.0,25.53,1
359.0,25.75,1
360.0,25.65,1
361.0,25.28,1
362.0,25.69,1
363.0,25.26,1
364.0,25.88,1
365.0,25.24,1
366.0,25.25,1
367.0,24.82,1
368.0,28.17,1
369.0,24.99,1
370.0,24.74,1
371.0,25.01,1
372.0,24.6,1
373.0,24.6,1
374.0,24.55,1
375.0,24.72,1
376.0,24.33,1
377.0,28.72,1
378.0,24.27,1
379.0,24.19,1
380.0,24.17,1
381.0,23.83,1
382.0,24.23,0
383.0,23.83,0
384.0,23.98,0
385.0,24.33,0
386.0,24.17,0
387.0,24.37,0
388.0,24.17,0
389.0,24.59,0
390.0,24.81,0
391.0,24.43,0
392.0,24.71,0
393.0,24.21,0
394.0,25.11,0
395.0,25.05,0
396.0,24.89,0
397.0,25.2,0
398.0,25.08,0
399.0,25.26,0
400.0,25.3,0
401.0,25.18,0
402.0,25.33,0
403.0,25.43,0
404.0,25.39,0
405.0,25.24,0
406.0,25.19,0
407.0,25.43,0
408.0,25.53,0
409.0,25.45,0
410.0,25.35,0
411.0,25.53,0
412.0,25.65,0
413.0,25.62,0
414.0,25.27,0
415.0,25.41,0
416.0,25.51,0
417.0,25.61,0
418.0,25.31,0
419.0,25.33,0
420.0,25.72,0
421.0,25.76,0
422.0,25.81,0
423.0,24.94,0
424.0,25.84,0
425.0,25.74,0
426.0,25.53,0
427.0,25.73,0
428.0,25.18,0
429.0,25.68,0
430.0,25.98,0
431.0,25.86,0
432.0,25.74,0
433.0,26.02,0
434.0,26.24,0
435.0,25.87,0
436.0,25.97,0
437.0,26.23,0
438.0,25.7,0
439.0,26.01,0
440.0,25.81,0
441.0,25.75,0
442.0,26.06,0
443.0,26.1,0
444.0,26.04,0
445.0,25.7,0
446.0,26.1,0
447.0,25.76,0
448.0,25.97,0
449.0,25.94,0
450.0,25.87,0
451.0,25.99,0
452.0,25.69,0
453.0,26.13,0
454.0,25.56,0
455.0,26.53,0
456.0,25.81,0
457.0,25.73,0
458.0,26.44,0
459.0,26.2,0
460.0,26.37,0
461.0,26.08,0
462.0,26.07,0
463.0,26.28,0
464.0,26.16,0
465.0,26.16,0
466.0,26.27,0
467.0,25.69,0
468.0,26.17,0
469.0,25.69,1
470.0,25.78,1
471.0,25.93,1
472.0,25.65,1
473.0,25.96,1
474.0,25.35,1
475.0,25.51,1
476.0,25.18,1
477.0,25.13,1
478.0,24.85,1
479.0,25.53,1
480.0,24.77,1
481.0,25.14,1
482.0,24.92,1
483.0,24.69,1
484.0,24.26,1
485.0,24.04,1
486.0,24.49,1
487.0,24.52,1
488.0,24.3,1
489.0,24.67,0
490.0,24.03,0
491.0,24.19,0
492.0,24.78,0
493.0,24.36,0
494.0,24.24,0
495.0,25.02,0
496.0,24.91,0
497.0,25.11,0
498.0,24.8,0
499.0,24.44,0
500.0,24.6,0
501.0,25.07,0
502.0,25.06,0
503.0,25.26,0
504.0,25.22,0
505.0,25.06,0
506.0,24.99,0
507.0,25.71,0
508.0,25.25,0
509.0,25.13,0
510.0,25.01,0
511.0,24.75,0
512.0,26.05,0
513.0,25.92,0
514.0,25.15,0
515.0,25.26,0
516.0,24.86,0
517.0,25.25,0
518.0,25.62,0
519.0,25.8,0
520.0,25.32,0
521.0,25.29,0
522.0,25.71,0
523.0,25.11,0
524.0,25.03,0
525.0,25.5,0
526.0,25.69,0
527.0,25.53,0
528.0,25.84,0
529.0,25.32,0
530.0,25.79,0
531.0,25.62,0
532.0,25.99,0
533.0,25.4,0
534.0,25.38,0
535.0,26.08,0
536.0,25.95,0
537.0,26.01,0
538.0,25.84,0
539.0,26.1,0
540.0,25.81,0
541.0,26.02,0
542.0,26.13,0
543.0,25.77,0
544.0,26.3,0
545.0,26.01,0
546.0,26.07,0
547.0,25.64,0
548.0,26.01,0
549.0,26.19,0
550.0,25.99,0
551.0,26.02,0
552.0,26.09,0
553.0,26.51,0
554.0,25.72,0
555.0,25.41,0
556.0,25.78,0
557.0,26.06,0
558.0,26.23,0
559.0,25.56,0
560.0,25.76,0
561.0,26.18,0
562.0,25.68,0
563.0,25.77,0
564.0,26.45,0
565.0,25.55,0
566.0,26.07,0
567.0,25.41,0
568.0,26.21,1
569.0,25.56,1
570.0,25.85,1
571.0,25.67,1
572.0,25.54,1
573.0,29.37,1
574.0,25.45,1
575.0,25.48,1
576.0,25.54,1
577.0,25.16,1
578.0,24.41,1
579.0,24.34,1
580.0,24.66,1
581.0,24.47,1
582.0,24.85,1
583.0,24.39,1
584.0,24.91,1
585.0,24.97,1
586.0,24.83,1
587.0,24.24,1
588.0,24.23,1
589.0,24.58,0
590.0,24.04,0
591.0,24.37,0
592.0,24.97,0
593.0,24.72,0
594.0,24.22,0
595.0,24.47,0
596.0,25.1,0
597.0,24.6,0
598.0,25.03,0
599.0,25.04,0
600.0,24.86,0
601.0,24.51,0
602.0,25.5,0
603.0,24.8,0
604.0,24.86,0
605.0,25.32,0
606.0,24.99,0
607.0,25.17,0
608.0,25.11,0
609.0,25.66,0
610.0,25.76,0
611.0,25.38,0
612.0,25.1,0
613.0,25.3,0
614.0,25.21,0
615.0,25.24,0
616.0,26.54,0
617.0,25.29,0
618.0,26.23,0
619.0,25.75,0
620.0,25.58,0
621.0,26.13,0
622.0,25.28,0
623.0,25.58,0
624.0,25.39,0
625.0,26.03,0
626.0,25.77,0
627.0,25.58,0
628.0,25.96,0
629.0,25.51,0
630.0,28.88,0
631.0,26.39,0
632.0,26.13,0
633.0,25.18,0
634.0,25.71,0
635.0,25.62,0
636.0,25.99,0
637.0,25.88,0
638.0,25.51,0
639.0,26.5,0
640.0,26.19,0
641.0,26.09,0
642.0,26.0,0
643.0,25.75,0
644.0,26.38,0
645.0,25.85,0
646.0,25.86,0
647.0,26.07,0
648.0,25.89,0
649.0,26.02,0
650.0,25.93,0
651.0,26.17,0
652.0,26.16,0
653.0,26.5,0
654.0,25.91,0
655.0,26.15,0
656.0,26.2,0
657.0,26.13,0
658.0,25.89,0
659.0,25.86,0
660.0,25.96,0
661.0,25.71,0
662.0,26.18,0
663.0,25.86,0
664.0,25.85,0
665.0,26.19,0
666.0,26.11,0
667.0,25.97,0
668.0,26.25,0
669.0,26.17,0
670.0,26.04,0
671.0,26.27,0
672.0,26.34,0
673.0,25.72,0
674.0,25.42,1
675.0,25.63,1
676.0,26.08,1
677.0,25.78,1
678.0,25.25,1
679.0,25.4,1
680.0,25.13,1
681.0,25.28,1
682.0,25.06,1
683.0,25.69,1
684.0,24.32,1
685.0,25.26,1
686.0,25.07,1
687.0,24.92,1
688.0,24.59,1
689.0,24.59,1
690.0,24.7,1
691.0,24.75,1
692.0,24.51,1
693.0,24.22,1
694.0,24.03,1
695.0,24.24,1
696.0,24.3,1
697.0,24.31,0
698.0,23.8,0
699.0,24.51,0
700.0,24.21,0
701.0,24.23,0
702.0,24.55,0
703.0,24.64,0
704.0,24.52,0
705.0,24.52,0
706.0,24.84,0
707.0,24.82,0
708.0,24.74,0
709.0,24.75,0
710.0,24.93,0
711.0,25.2,0
712.0,25.17,0
713.0,24.93,0
714.0,25.58,0
715.0,25.37,0
716.0,24.92,0
717.0,25.76,0
718.0,25.23,0
719.0,25.13,0
720.0,25.36,0
721.0,25.17,0
722.0,25.22,0
723.0,25.43,0
724.0,25.45,0
725.0,25.21,0
726.0,25.23,0
727.0,25.29,0
728.0,25.74,0
729.0,25.58,0
730.0,25.73,0
731.0,24.98,0
732.0,25.16,0
733.0,25.6,0
734.0,25.81,0
735.0,25.28,0
736.0,25.57,0
737.0,25.98,0
738.0,25.69,0
739.0,25.62,0
740.0,25.3,0
741.0,25.45,0
742.0,25.88,0
743.0,25.7,0
744.0,25.5,0
745.0,25.41,0
746.0,26.03,0
747.0,26.16,0
748.0,26.48,0
749.0,26.14,0
750.0,26.27,0
751.0,26.08,0
752.0,25.92,0
753.0,26.0,0
754.0,25.93,0
755.0,25.75,0
756.0,26.02,0
757.0,26.09,0
758.0,26.22,0
759.0,26.27,0
760.0,26.31,0
761.0,26.17,0
762.0,25.75,0
763.0,25.87,0
764.0,26.05,0
765.0,25.4,0
766.0,26.14,0
767.0,25.64,0
768.0,25.82,0
769.0,26.08,0
770.0,25.91,0
771.0,26.26,0
772.0,25.85,0
773.0,26.18,0
774.0,25.98,0
775.0,31.47,0
776.0,25.57,0
777.0,26.21,0
778.0,26.27,0
779.0,25.62,0
780.0,25.65,0
781.0,25.87,0
782.0,26.5,0
783.0,26.17,0
784.0,25.85,1
785.0,26.02,1
786.0,25.56,1
787.0,25.55,1
788.0,25.5,1
789.0,25.52,1
790.0,25.55,1
791.0,25.42,1
792.0,25.13,1
793.0,25.65,1
794.0,24.46,1
795.0,20.91,1
796.0,25.2,1
797.0,24.1,1
798.0,24.51,1
799.0,24.85,1
800.0,24.69,1
801.0,24.74,1
802.0,24.2,1
803.0,24.52,1
804.0,24.61,1
805.0,24.31,0
806.0,24.82,0
807.0,24.91,0
808.0,24.69,0
809.0,24.36,0
810.0,24.14,0
811.0,25.19,0
812.0,24.54,0
813.0,24.33,0
814.0,24.9,0
815.0,25.06,0
816.0,24.88,0
817.0,24.99,0
818.0,25.24,0
819.0,25.07,0
820.0,25.33,0
821.0,24.95,0
822.0,25.13,0
823.0,25.08,0
824.0,24.99,0
825.0,25.08,0
826.0,25.08,0
827.0,24.86,0
828.0,25.52,0
829.0,25.15,0
830.0,25.42,0
831.0,25.44,0
832.0,25.4,0
833.0,25.0,0
834.0,26.18,0
835.0,25.6,0
836.0,25.46,0
837.0,25.05,0
838.0,25.24,0
839.0,25.9,0
840.0,26.18,0
841.0,25.69,0
842.0,25.44,0
843.0,25.91,0
844.0,25.57,0
845.0,25.75,0
846.0,25.6,0
847.0,25.93,0
848.0,25.76,0
849.0,25.68,0
850.0,25.86,0
851.0,25.63,0
852.0,25.67,0
853.0,25.72,0
854.0,26.18,0
855.0,26.0,0
856.0,25.67,0
857.0,26.15,0
858.0,25.9,0
859.0,25.9,0
860.0,25.64,0
861.0,26.01,0
862.0,26.03,0
863.0,26.03,0
864.0,25.94,0
865.0,25.62,0
866.0,26.03,0
867.0,26.48,0
868.0,25.85,0
869.0,25.98,0
870.0,25.85,0
871.0,26.17,0
872.0,26.13,0
873.0,26.36,0
874.0,25.84,0
875.0,26.05,0
876.0,25.69,0
877.0,26.64,0
878.0,25.9,0
879.0,26.28,0
880.0,25.83,0
881.0,25.96,0
882.0,26.04,0
883.0,25.66,0
884.0,26.03,0
885.0,25.93,0
886.0,25.63,0
887.0,25.88,0
888.0,25.74,1
889.0,25.69,1
890.0,26.02,1
891.0,25.61,1
892.0,25.84,1
893.0,25.68,1
894.0,25.38,1
895.0,25.41,1
896.0,24.79,1
897.0,24.74,1
898.0,25.25,1
899.0,24.82,1
900.0,24.99,1
901.0,24.46,1
902.0,24.77,1
903.0,24.97,1
904.0,24.61,1
905.0,24.52,1
906.0,24.62,1
907.0,24.86,1
908.0,24.33,1
909.0,23.93,1
910.0,23.92,1
911.0,24.2,1
912.0,24.19,1
913.0,23.77,1
914.0,24.2,0
915.0,23.91,0
916.0,23.73,0
917.0,24.21,0
918.0,24.87,0
919.0,24.34,0
920.0,24.27,0
921.0,24.81,0
922.0,24.66,0
923.0,24.28,0
924.0,24.72,0
925.0,24.45,0
926.0,24.83,0
927.0,24.92,0
928.0,24.69,0
929.0,24.82,0
930.0,24.43,0
931.0,24.41,0
932.0,24.79,0
933.0,24.97,0
934.0,25.25,0
935.0,25.48,0
936.0,25.38,0
937.0,24.65,0
938.0,25.19,0
939.0,25.11,0
940.0,25.28,0
941.0,25.18,0
942.0,25.1,0
943.0,25.45,0
944.0,25.99,0
945.0,25.55,0
946.0,25.75,0
947.0,25.6,0
948.0,26.15,0
949.0,25.71,0
950.0,25.46,0
951.0,25.52,0
952.0,22.4,0
953.0,25.48,0
954.0,25.48,0
955.0,25.37,0
956.0,25.72,0
957.0,25.53,0
958.0,25.34,0
959.0,25.79,0
960.0,25.77,0
961.0,25.57,0
962.0,25.48,0
963.0,25.88,0
964.0,26.19,0
965.0,26.14,0
966.0,26.38,0
967.0,25.72,0
968.0,25.98,0
969.0,25.84,0
970.0,26.15,0
971.0,26.19,0
972.0,26.14,0
973.0,26.13,0
974.0,25.99,0
975.0,26.06,0
976.0,25.93,0
977.0,26.07,0
978.0,26.12,0
979.0,26.01,0
980.0,25.84,0
981.0,26.18,0
982.0,25.94,0
983.0,26.06,0
984.0,26.49,0
985.0,25.61,0
986.0,25.99,0
987.0,26.06,0
988.0,26.46,0
989.0,26.09,0
990.0,26.03,0
991.0,26.19,0
992.0,25.96,0
993.0,30.04,0
994.0,26.39,0
995.0,25.13,0
996.0,26.32,0
997.0,27.11,0
998.0,26.16,1
999.0,24.65,1
1000.0,26.07,1
1001.0,25.49,1
1002.0,25.85,1
1003.0,26.2,1
1004.0,24.93,1
1005.0,26.14,1
1006.0,25.87,1
1007.0,25.5,1
1008.0,25.41,1
1009.0,25.29,1
1010.0,24.7,1
1011.0,24.65,1
1012.0,24.42,1
1013.0,25.16,1
1014.0,24.65,1
1015.0,24.73,1
1016.0,24.67,1
1017.0,23.76,1
1018.0,24.62,1
1019.0,24.09,1
1020.0,23.86,1
1021.0,23.83,1
1022.0,24.69,0
1023.0,23.72,0
1024.0,24.25,0
1025.0,24.25,0
1026.0,24.2,0
1027.0,24.06,0
1028.0,25.02,0
1029.0,24.52,0
1030.0,23.92,0
1031.0,24.87,0
1032.0,24.92,0
1033.0,24.89,0
1034.0,24.5,0
1035.0,25.69,0
1036.0,25.1,0
1037.0,25.36,0
1038.0,24.46,0
1039.0,24.58,0
1040.0,24.72,0
1041.0,24.94,0
1042.0,24.5,0
1043.0,25.96,0
1044.0,24.93,0
1045.0,25.35,0
1046.0,25.64,0
1047.0,25.41,0
1048.0,24.67,0
1049.0,25.2,0
1050.0,25.04,0
1051.0,26.33,0
1052.0,24.89,0
1053.0,25.58,0
1054.0,25.39,0
1055.0,26.01,0
1056.0,26.35,0
1057.0,25.09,0
1058.0,25.92,0
1059.0,25.88,0
1060.0,25.98,0
1061.0,25.51,0
1062.0,25.55,0
1063.0,26.44,0
1064.0,25.52,0
1065.0,25.71,0
1066.0,26.19,0
1067.0,25.08,0
1068.0,25.79,0
1069.0,25.67,0
1070.0,26.05,0
1071.0,26.02,0
1072.0,26.35,0
1073.0,25.95,0
1074.0,25.82,0
1075.0,25.9,0
1076.0,26.13,0
1077.0,25.45,0
1078.0,26.07,0
1079.0,25.65,0
1080.0,26.09,0
1081.0,25.75,0
1082.0,26.06,0
1083.0,26.02,0
1084.0,25.8,0
1085.0,25.56,0
1086.0,26.06,0
1087.0,26.1,0
1088.0,26.13,0
1089.0,26.23,0
1090.0,26.2,0
1091.0,26.05,0
1092.0,25.91,0
1093.0,26.29,0
1094.0,25.97,0
1095.0,26.01,0
1096.0,25.7,0
1097.0,26.15,0
1098.0,25.75,0
1099.0,25.87,0
1100.0,25.35,0
1101.0,25.95,0
1102.0,26.23,0
1103.0,25.78,0
1104.0,26.33,0
1105.0,26.37,0
1106.0,26.0,0
1107.0,26.12,0
1108.0,26.14,1
1109.0,26.54,1
1110.0,26.1,1
1111.0,25.5,1
1112.0,25.53,1
1113.0,25.08,1
1114.0,25.4,1
1115.0,26.03,1
1116.0,25.68,1
1117.0,25.29,1
1118.0,25.58,1
1119.0,24.91,1
1120.0,24.9,1
1121.0,24.87,1
1122.0,25.34,1
1123.0,24.68,1
1124.0,24.9,1
1125.0,24.72,1
1126.0,24.41,1
1127.0,24.32,1
1128.0,24.61,1
1129.0,25.26,1
1130.0,24.07,1
1131.0,23.91,0
1132.0,23.87,0
1133.0,20.75,0
1134.0,24.4,0
1135.0,24.06,0
1136.0,30.69,0
1137.0,24.06,0
1138.0,24.43,0
1139.0,24.23,0
1140.0,23.49,0
1141.0,24.55,0
1142.0,25.04,0
1143.0,30.52,0
1144.0,25.36,0
1145.0,25.01,0
1146.0,25.09,0
1147.0,24.97,0
1148.0,24.89,0
1149.0,25.24,0
1150.0,24.56,0
1151.0,25.31,0
1152.0,25.25,0
1153.0,25.33,0
1154.0,19.9,0
1155.0,24.84,0
1156.0,25.33,0
1157.0,25.48,0
1158.0,25.19,0
1159.0,32.07,0
1160.0,25.42,0
1161.0,25.72,0
1162.0,25.52,0
1163.0,25.47,0
1164.0,25.42,0
1165.0,20.63,0
1166.0,25.35,0
1167.0,25.56,0
1168.0,25.61,0
1169.0,25.64,0
1170.0,25.68,0
1171.0,26.49,0
1172.0,25.39,0
1173.0,25.15,0
1174.0,25.34,0
1175.0,25.42,0
1176.0,25.5,0
1177.0,26.08,0
1178.0,25.3,0
1179.0,25.74,0
1180.0,26.04,0
1181.0,26.11,0
1182.0,26.08,0
1183.0,25.91,0
1184.0,25.82,0
1185.0,26.34,0
1186.0,25.63,0
1187.0,25.9,0
1188.0,26.04,0
1189.0,25.94,0
1190.0,25.93,0
1191.0,26.14,0
1192.0,26.05,0
1193.0,26.0,0
1194.0,26.38,0
1195.0,25.9,0
1196.0,26.12,0
1197.0,26.12,0
1198.0,26.01,0
1199.0,25.92,0
1200.0,25.94,0
1201.0,25.99,0
1202.0,25.95,0
1203.0,26.13,0
1204.0,22.19,0
1205.0,25.81,0
1206.0,26.24,0
1207.0,26.21,0
1208.0,25.63,0
1209.0,25.76,0
1210.0,26.42,0
1211.0,26.32,0
1212.0,25.51,0
1213.0,25.57,0
1214.0,25.33,0
1215.0,25.79,0
1216.0,26.34,0
1217.0,26.16,0
1218.0,25.68,0
1219.0,25.68,1
1220.0,25.96,1
1221.0,25.49,1
1222.0,26.34,1
1223.0,25.92,1
1224.0,25.47,1
1225.0,25.35,1
1226.0,24.92,1
1227.0,25.14,1
1228.0,25.31,1
1229.0,25.09,1
1230.0,25.19,1
1231.0,24.89,1
1232.0,24.92,1
1233.0,25.12,1
1234.0,25.31,1
1235.0,24.89,1
1236.0,25.0,1
1237.0,24.12,1
1238.0,24.25,1
1239.0,23.92,1
1240.0,23.57,1
1241.0,23.72,0
1242.0,24.68,0
1243.0,24.42,0
1244.0,25.08,0
1245.0,24.44,0
1246.0,24.86,0
1247.0,25.02,0
1248.0,24.75,0
1249.0,25.25,0
1250.0,24.72,0
1251.0,24.68,0
1252.0,24.8,0
1253.0,25.08,0
1254.0,24.08,0
1255.0,24.67,0
1256.0,24.05,0
1257.0,25.43,0
1258.0,25.09,0
1259.0,24.94,0
1260.0,25.18,0
1261.0,24.91,0
1262.0,25.3,0
1263.0,25.4,0
1264.0,26.08,0
1265.0,25.08,0
1266.0,25.86,0
1267.0,25.64,0
1268.0,25.2,0
1269.0,25.54,0
1270.0,19.96,0
1271.0,25.34,0
1272.0,25.26,0
1273.0,25.16,0
1274.0,26.17,0
1275.0,25.56,0
1276.0,25.44,0
1277.0,24.91,0
1278.0,25.18,0
1279.0,25.85,0
1280.0,25.91,0
1281.0,25.55,0
1282.0,25.37,0
1283.0,25.9,0
1284.0,26.45,0
1285.0,25.44,0
1286.0,26.63,0
1287.0,25.91,0
1288.0,25.96,0
1289.0,26.4,0
1290.0,26.19,0
1291.0,25.83,0
1292.0,25.48,0
1293.0,25.98,0
1294.0,26.1,0
1295.0,25.8,0
1296.0,26.25,0
1297.0,26.17,0
1298.0,26.04,0
1299.0,25.72,0
1300.0,26.11,0
1301.0,25.94,0
1302.0,26.04,0
1303.0,26.28,0
1304.0,25.9,0
1305.0,26.07,0
1306.0,26.08,0
1307.0,26.25,0
1308.0,25.98,0
1309.0,25.81,0
1310.0,26.15,0
1311.0,26.03,0
1312.0,26.15,0
1313.0,25.86,0
1314.0,26.22,0
1315.0,26.43,0
1316.0,26.39,0
1317.0,26.03,0
1318.0,25.97,0
1319.0,25.85,0
1320.0,26.23,0
1321.0,26.14,0
1322.0,25.97,0
1323.0,25.37,0
1324.0,25.55,0
1325.0,25.99,0
1326.0,25.76,1
1327.0,25.89,1
1328.0,26.24,1
1329.0,25.95,1
1330.0,25.16,1
1331.0,25.63,1
1332.0,25.6,1
1333.0,25.32,1
1334.0,25.37,1
1335.0,25.09,1
1336.0,24.98,1
1337.0,24.94,1
1338.0,25.44,1
1339.0,25.08,1
1340.0,24.95,1
1341.0,24.9,1
1342.0,24.66,1
1343.0,24.65,1
1344.0,24.04,1
1345.0,24.13,1
1346.0,24.57,0
1347.0,24.05,0
1348.0,24.54,0
1349.0,24.32,0
1350.0,24.91,0
1351.0,24.47,0
1352.0,24.45,0
1353.0,24.71,0
1354.0,24.44,0
1355.0,25.23,0
1356.0,24.76,0
1357.0,24.96,0
1358.0,25.18,0
1359.0,24.49,0
1360.0,25.42,0
1361.0,25.47,0
1362.0,25.11,0
1363.0,25.21,0
1364.0,25.35,0
1365.0,25.19,0
1366.0,25.58,0
1367.0,25.55,0
1368.0,25.18,0
1369.0,25.65,0
1370.0,25.83,0
1371.0,25.26,0
1372.0,25.64,0
1373.0,25.37,0
1374.0,25.33,0
1375.0,25.51,0
1376.0,25.53,0
1377.0,25.75,0
1378.0,25.63,0
1379.0,25.41,0
1380.0,22.38,0
1381.0,25.76,0
1382.0,25.23,0
1383.0,25.56,0
1384.0,25.78,0
1385.0,25.64,0
1386.0,29.86,0
1387.0,25.63,0
1388.0,25.75,0
1389.0,25.61,0
1390.0,25.57,0
1391.0,26.07,0
1392.0,26.12,0
1393.0,25.97,0
1394.0,25.59,0
1395.0,25.98,0
1396.0,25.91,0
1397.0,25.75,0
1398.0,26.56,0
1399.0,26.0,0
1400.0,26.24,0
1401.0,25.85,0
1402.0,25.73,0
1403.0,26.07,0
1404.0,26.1,0
1405.0,26.11,0
1406.0,26.36,0
1407.0,26.38,0
1408.0,25.97,0
1409.0,26.01,0
1410.0,26.16,0
1411.0,26.25,0
1412.0,26.1,0
1413.0,25.47,0
1414.0,26.08,0
1415.0,25.95,0
1416.0,25.67,0
1417.0,26.97,0
1418.0,25.91,0
1419.0,26.27,0
1420.0,25.78,0
1421.0,26.18,0
1422.0,26.46,0
1423.0,25.72,0
1424.0,25.39,0
1425.0,25.78,0
1426.0,26.16,0
1427.0,26.18,1
1428.0,25.36,1
1429.0,25.82,1
1430.0,25.56,1
1431.0,25.48,1
1432.0,26.03,1
1433.0,25.53,1
1434.0,25.94,1
1435.0,25.5,1
1436.0,24.76,1
1437.0,25.5,1
1438.0,25.43,1
1439.0,25.07,1
1440.0,25.32,1
1441.0,24.72,1
1442.0,24.91,0
1443.0,24.73,0
1444.0,25.07,0
1445.0,24.4,0
1446.0,24.37,0
1447.0,25.1,0
1448.0,24.85,0
1449.0,25.06,0
1450.0,24.72,0
1451.0,24.52,0
1452.0,24.94,0
1453.0,24.97,0
1454.0,24.88,0
1455.0,25.78,0
1456.0,24.76,0
1457.0,25.0,0
1458.0,24.95,0
1459.0,25.56,0
1460.0,25.27,0
1461.0,25.26,0
1462.0,25.64,0
1463.0,25.12,0
1464.0,25.44,0
1465.0,25.47,0
1466.0,25.22,0
1467.0,25.14,0
1468.0,29.74,0
1469.0,25.15,0
1470.0,25.06,0
1471.0,25.47,0
1472.0,26.15,0
1473.0,25.97,0
1474.0,25.3,0
1475.0,25.93,0
1476.0,25.99,0
1477.0,25.88,0
1478.0,25.74,0
1479.0,25.5,0
1480.0,25.85,0
1481.0,26.05,0
1482.0,25.67,0
1483.0,25.84,0
1484.0,26.17,0
1485.0,25.69,0
1486.0,26.12,0
1487.0,25.94,0
1488.0,25.86,0
1489.0,25.9,0
1490.0,26.41,0
1491.0,26.02,0
1492.0,25.68,0
1493.0,25.81,0
1494.0,26.04,0
1495.0,26.15,0
1496.0,25.96,0
1497.0,25.97,0
1498.0,26.19,0
1499.0,26.35,0
1500.0,26.04,0
1501.0,25.86,0
1502.0,26.01,0
1503.0,26.47,0
1504.0,26.49,0
1505.0,25.88,0
1506.0,25.96,0
1507.0,25.9,0
1508.0,25.88,0
1509.0,25.95,0
1510.0,26.05,0
1511.0,26.3,0
1512.0,25.51,0
1513.0,26.23,0
1514.0,25.89,0
1515.0,25.9,0
1516.0,26.06,0
1517.0,25.65,0
1518.0,26.12,0
1519.0,26.02,0
1520.0,25.97,0
1521.0,26.19,0
1522.0,26.04,0
1523.0,25.53,0
1524.0,25.71,0
1525.0,26.03,1
1526.0,25.94,1
1527.0,25.94,1
1528.0,25.49,1
1529.0,26.0,1
1530.0,25.08,1
1531.0,25.59,1
1532.0,25.56,1
1533.0,25.19,1
1534.0,24.75,1
1535.0,25.14,1
1536.0,25.31,1
1537.0,25.02,1
1538.0,24.92,1
1539.0,24.46,1
1540.0,25.3,1
1541.0,25.02,1
1542.0,24.8,1
1543.0,24.08,1
1544.0,24.14,1
1545.0,24.52,1
1546.0,24.61,1
1547.0,24.45,1
1548.0,23.97,0
1549.0,23.92,0
1550.0,24.57,0
1551.0,24.82,0
1552.0,24.18,0
1553.0,20.51,0
1554.0,24.75,0
1555.0,24.62,0
1556.0,24.36,0
1557.0,25.12,0
1558.0,24.79,0
1559.0,24.7,0
1560.0,24.95,0
1561.0,24.69,0
1562.0,25.29,0
1563.0,24.83,0
1564.0,24.92,0
1565.0,25.28,0
1566.0,24.88,0
1567.0,25.19,0
1568.0,25.16,0
1569.0,24.92,0
1570.0,25.42,0
1571.0,25.41,0
1572.0,25.69,0
1573.0,25.22,0
1574.0,25.19,0
1575.0,25.51,0
1576.0,25.88,0
1577.0,25.43,0
1578.0,25.53,0
1579.0,24.72,0
1580.0,25.39,0
1581.0,25.65,0
1582.0,25.5,0
1583.0,25.54,0
1584.0,25.51,0
1585.0,25.47,0
1586.0,25.08,0
1587.0,25.24,0
1588.0,25.68,0
1589.0,25.73,0
1590.0,25.75,0
1591.0,25.51,0
1592.0,25.75,0
1593.0,25.83,0
1594.0,25.94,0
1595.0,25.63,0
1596.0,25.72,0
1597.0,25.99,0
1598.0,25.67,0
1599.0,26.03,0
1600.0,26.02,0
1601.0,26.03,0
1602.0,25.95,0
1603.0,25.8,0
1604.0,26.13,0
1605.0,26.25,0
1606.0,25.85,0
1607.0,25.74,0
1608.0,25.56,0
1609.0,26.1,0
1610.0,26.04,0
1611.0,25.85,0
1612.0,25.78,0
1613.0,26.17,0
1614.0,25.98,0
1615.0,26.06,0
1616.0,26.18,0
1617.0,25.86,0
1618.0,26.4,0
1619.0,25.99,0
1620.0,25.99,0
1621.0,25.66,0
1622.0,26.18,0
1623.0,25.98,0
1624.0,25.47,0
1625.0,26.15,0
1626.0,25.78,0
1627.0,25.81,1
1628.0,25.82,1
1629.0,25.79,1
1630.0,25.63,1
1631.0,25.26,1
1632.0,25.53,1
1633.0,25.63,1
1634.0,25.65,1
1635.0,25.24,1
1636.0,25.34,1
1637.0,24.92,1
1638.0,25.22,1
1639.0,25.08,1
1640.0,25.17,1
1641.0,25.0,1
1642.0,24.8,1
1643.0,24.77,1
1644.0,23.97,1
1645.0,23.9,1
1646.0,24.14,1
1647.0,24.05,1
1648.0,24.09,1
1649.0,23.95,1
1650.0,24.04,1
1651.0,24.4,1
1652.0,23.88,1
1653.0,23.86,0
1654.0,24.04,0
1655.0,24.64,0
1656.0,24.31,0
1657.0,24.41,0
1658.0,24.48,0
1659.0,24.55,0
1660.0,24.46,0
1661.0,24.33,0
1662.0,24.34,0
1663.0,24.57,0
1664.0,24.62,0
1665.0,24.61,0
1666.0,24.57,0
1667.0,24.92,0
1668.0,25.23,0
1669.0,25.15,0
1670.0,24.83,0
1671.0,25.28,0
1672.0,25.52,0
1673.0,25.11,0
1674.0,24.75,0
1675.0,25.08,0
1676.0,25.09,0
1677.0,25.04,0
1678.0,25.33,0
1679.0,25.19,0
1680.0,29.75,0
1681.0,25.26,0
1682.0,25.35,0
1683.0,25.43,0
1684.0,25.89,0
1685.0,25.4,0
1686.0,25.5,0
1687.0,25.97,0
1688.0,25.7,0
1689.0,26.01,0
1690.0,25.33,0
1691.0,25.42,0
1692.0,25.66,0
1693.0,25.76,0
1694.0,25.64,0
1695.0,25.93,0
1696.0,25.76,0
1697.0,25.49,0
1698.0,25.49,0
1699.0,25.5,0
1700.0,25.88,0
1701.0,25.99,0
1702.0,26.17,0
1703.0,26.22,0
1704.0,25.49,0
1705.0,26.26,0
1706.0,25.67,0
1707.0,26.05,0
1708.0,26.11,0
1709.0,26.16,0
1710.0,26.14,0
1711.0,26.06,0
1712.0,26.14,0
1713.0,26.19,0
1714.0,25.84,0
1715.0,25.77,0
1716.0,26.2,0
1717.0,25.73,0
1718.0,25.67,0
1719.0,26.18,0
1720.0,25.99,0
1721.0,26.09,0
1722.0,26.09,0
1723.0,26.22,0
1724.0,25.87,0
1725.0,25.86,0
1726.0,25.91,0
1727.0,25.35,0
1728.0,26.29,0
1729.0,26.59,0
1730.0,25.71,0
1731.0,26.36,0
1732.0,26.16,0
1733.0,25.92,0
1734.0,26.01,0
1735.0,25.89,0
1736.0,26.0,0
1737.0,26.2,0
1738.0,25.9,0
1739.0,26.05,0
1740.0,25.75,0
1741.0,26.6,1
1742.0,25.51,1
1743.0,26.03,1
1744.0,25.45,1
1745.0,25.91,1
1746.0,25.88,1
1747.0,25.61,1
1748.0,25.4,1
1749.0,25.52,1
1750.0,25.37,1
1751.0,25.15,1
1752.0,24.96,1
1753.0,24.67,1
1754.0,25.0,1
1755.0,25.16,1
1756.0,24.66,1
1757.0,24.79,1
1758.0,24.71,1
1759.0,25.05,1
1760.0,24.37,1
1761.0,24.64,1
1762.0,24.51,1
1763.0,23.87,1
1764.0,23.64,1
1765.0,24.3,0
1766.0,23.52,0
1767.0,23.48,0
1768.0,24.46,0
1769.0,24.63,0
1770.0,23.86,0
1771.0,28.38,0
1772.0,25.04,0
1773.0,24.76,0
1774.0,24.97,0
1775.0,24.47,0
1776.0,24.09,0
1777.0,25.01,0
1778.0,25.29,0
1779.0,25.3,0
1780.0,25.05,0
1781.0,24.91,0
1782.0,25.19,0
1783.0,25.05,0
1784.0,24.75,0
1785.0,25.5,0
1786.0,25.08,0
1787.0,25.41,0
1788.0,25.44,0
1789.0,25.55,0
1790.0,25.66,0
1791.0,25.69,0
1792.0,25.74,0
1793.0,25.65,0
1794.0,25.03,0
1795.0,25.32,0
1796.0,24.99,0
1797.0,25.01,0
1798.0,26.02,0
1799.0,25.86,0
1800.0,25.64,0
1801.0,25.75,0
1802.0,25.18,0
1803.0,25.93,0
1804.0,25.13,0
1805.0,25.21,0
1806.0,25.36,0
1807.0,25.71,0
1808.0,25.46,0
1809.0,25.46,0
1810.0,25.75,0
1811.0,25.86,0
1812.0,25.19,0
1813.0,25.33,0
1814.0,25.92,0
1815.0,25.8,0
1816.0,25.95,0
1817.0,25.68,0
1818.0,26.13,0
1819.0,25.86,0
1820.0,25.67,0
1821.0,25.55,0
1822.0,26.0,0
1823.0,25.86,0
1824.0,25.94,0
1825.0,26.17,0
1826.0,25.69,0
1827.0,25.88,0
1828.0,26.19,0
1829.0,26.49,0
1830.0,25.85,0
1831.0,26.68,0
1832.0,25.62,0
1833.0,25.83,0
1834.0,25.18,0
1835.0,25.83,0
1836.0,26.07,0
1837.0,26.25,0
1838.0,25.91,0
1839.0,25.73,0
1840.0,25.91,0
1841.0,26.15,0
1842.0,26.36,0
1843.0,26.14,0
1844.0,26.76,1
1845.0,25.41,1
1846.0,26.25,1
1847.0,26.43,1
1848.0,26.3,1
1849.0,26.24,1
1850.0,25.71,1
1851.0,25.67,1
1852.0,24.46,1
1853.0,25.53,1
1854.0,25.14,1
1855.0,24.98,1
1856.0,24.81,1
1857.0,24.9,1
1858.0,25.21,1
1859.0,24.17,1
1860.0,24.34,1
1861.0,25.52,1
1862.0,24.83,1
1863.0,24.59,0
1864.0,25.42,0
1865.0,24.45,0
1866.0,24.7,0
1867.0,24.0,0
1868.0,24.41,0
1869.0,24.84,0
1870.0,24.33,0
1871.0,24.46,0
1872.0,25.77,0
1873.0,25.42,0
1874.0,25.1,0
1875.0,24.7,0
1876.0,24.99,0
1877.0,25.76,0
1878.0,25.81,0
1879.0,25.42,0
1880.0,25.08,0
1881.0,24.79,0
1882.0,25.67,0
1883.0,24.95,0
1884.0,24.51,0
1885.0,24.42,0
1886.0,25.77,0
1887.0,25.48,0
1888.0,25.26,0
1889.0,25.28,0
1890.0,25.51,0
1891.0,25.65,0
1892.0,26.44,0
1893.0,25.11,0
1894.0,29.36,0
1895.0,25.52,0
1896.0,24.98,0
1897.0,25.78,0
1898.0,25.89,0
1899.0,24.7,0
1900.0,26.28,0
1901.0,26.27,0
1902.0,25.8,0
1903.0,25.61,0
1904.0,25.75,0
1905.0,25.94,0
1906.0,26.04,0
1907.0,25.86,0
1908.0,25.68,0
1909.0,25.52,0
1910.0,25.57,0
1911.0,26.4,0
1912.0,25.87,0
1913.0,26.05,0
1914.0,25.67,0
1915.0,26.11,0
1916.0,25.78,0
1917.0,26.02,0
1918.0,25.6,0
1919.0,26.04,0
1920.0,25.99,0
1921.0,25.75,0
1922.0,26.16,0
1923.0,26.11,0
1924.0,25.51,0
1925.0,26.15,0
1926.0,25.98,0
1927.0,25.87,0
1928.0,25.7,0
1929.0,26.22,0
1930.0,26.18,0
1931.0,25.82,0
1932.0,25.94,0
1933.0,25.73,0
1934.0,25.99,0
1935.0,26.18,0
1936.0,26.33,0
1937.0,26.17,0
1938.0,25.74,0
1939.0,26.2,0
1940.0,26.02,0
1941.0,26.18,0
1942.0,25.28,0
1943.0,25.98,0
1944.0,25.65,0
1945.0,26.06,0
1946.0,26.0,0
1947.0,25.85,1
1948.0,25.71,1
1949.0,22.43,1
1950.0,25.83,1
1951.0,25.65,1
1952.0,25.53,1
1953.0,25.55,1
1954.0,25.5,1
1955.0,24.95,1
1956.0,25.07,1
1957.0,25.24,1
1958.0,25.11,1
1959.0,24.94,1
1960.0,24.77,1
1961.0,24.69,1
1962.0,25.16,1
1963.0,24.8,1
1964.0,24.36,1
1965.0,24.2,1
1966.0,24.47,1
1967.0,24.61,1
1968.0,24.22,1
1969.0,24.77,1
1970.0,24.05,1
1971.0,24.39,1
1972.0,23.7,1
1973.0,23.78,0
1974.0,24.1,0
1975.0,24.3,0
1976.0,24.06,0
1977.0,24.62,0
1978.0,24.62,0
1979.0,24.67,0
1980.0,24.49,0
1981.0,24.99,0
1982.0,24.39,0
1983.0,24.2,0
1984.0,20.25,0
1985.0,25.03,0
1986.0,24.73,0
1987.0,25.06,0
1988.0,24.85,0
1989.0,24.78,0
1990.0,24.79,0
1991.0,24.72,0
1992.0,24.56,0
1993.0,25.19,0
1994.0,24.69,0
1995.0,25.52,0
1996.0,24.94,0
1997.0,25.75,0
1998.0,25.47,0
1999.0,24.91,0
2000.0,25.78,0
2001.0,25.25,0
2002.0,25.03,0
2003.0,25.22,0
2004.0,25.8,0
2005.0,25.8,0
2006.0,25.31,0
2007.0,25.49,0
2008.0,25.45,0
2009.0,25.65,0
2010.0,25.87,0
2011.0,25.8,0
2012.0,26.19,0
2013.0,25.32,0
2014.0,25.8,0
2015.0,25.52,0
2016.0,25.87,0
2017.0,25.74,0
2018.0,25.77,0
2019.0,25.79,0
2020.0,25.82,0
2021.0,25.76,0
2022.0,26.12,0
2023.0,25.9,0
2024.0,26.06,0
2025.0,25.77,0
2026.0,25.96,0
2027.0,26.03,0
2028.0,25.99,0
2029.0,26.19,0
2030.0,25.99,0
2031.0,26.13,0
2032.0,26.02,0
2033.0,25.79,0
2034.0,26.03,0
2035.0,25.76,0
2036.0,26.1,0
2037.0,26.23,0
2038.0,25.94,0
2039.0,25.98,0
2040.0,26.07,0
2041.0,26.37,0
2042.0,25.64,0
2043.0,25.93,0
2044.0,25.31,0
2045.0,25.94,0
2046.0,25.53,0
2047.0,25.87,0
2048.0,26.28,0
2049.0,26.21,0
2050.0,26.2,0
2051.0,26.26,0
2052.0,25.74,0
2053.0,25.92,0
2054.0,26.18,0
2055.0,26.09,1
2056.0,26.28,1
2057.0,25.64,1
2058.0,26.08,1
2059.0,25.74,1
2060.0,25.76,1
2061.0,25.72,1
2062.0,25.26,1
2063.0,25.35,1
2064.0,25.39,1
2065.0,25.43,1
2066.0,24.7,1
2067.0,24.8,1
2068.0,24.86,1
2069.0,24.21,1
2070.0,24.96,1
2071.0,24.22,1
2072.0,24.52,1
2073.0,24.3,1
2074.0,24.42,1
2075.0,24.27,1
2076.0,24.21,1
2077.0,24.39,1
2078.0,24.7,0
2079.0,24.54,0
2080.0,23.89,0
2081.0,25.13,0
2082.0,24.33,0
2083.0,24.63,0
2084.0,24.32,0
2085.0,24.27,0
2086.0,24.98,0
2087.0,24.94,0
2088.0,25.12,0
2089.0,25.15,0
2090.0,24.22,0
2091.0,25.25,0
2092.0,24.77,0
2093.0,25.18,0
2094.0,24.97,0
2095.0,25.26,0
2096.0,25.36,0
2097.0,24.99,0
2098.0,24.96,0
2099.0,25.32,0
2100.0,25.36,0
2101.0,24.89,0
2102.0,25.88,0
2103.0,25.32,0
2104.0,25.32,0
2105.0,25.18,0
2106.0,25.31,0
2107.0,25.14,0
2108.0,25.41,0
2109.0,25.5,0
2110.0,25.79,0
2111.0,25.47,0
2112.0,25.93,0
2113.0,25.8,0
2114.0,25.52,0
2115.0,25.77,0
2116.0,25.58,0
2117.0,25.96,0
2118.0,25.65,0
2119.0,25.99,0
2120.0,25.13,0
2121.0,25.84,0
2122.0,25.5,0
2123.0,25.51,0
2124.0,25.54,0
2125.0,25.78,0
2126.0,26.0,0
2127.0,25.26,0
2128.0,25.99,0
2129.0,26.0,0
2130.0,26.29,0
2131.0,26.01,0
2132.0,26.21,0
2133.0,25.83,0
2134.0,25.94,0
2135.0,26.51,0
2136.0,25.91,0
2137.0,25.86,0
2138.0,25.82,0
2139.0,25.86,0
2140.0,25.78,0
2141.0,26.08,0
2142.0,26.0,0
2143.0,26.18,0
2144.0,25.38,0
2145.0,26.14,0
2146.0,26.09,0
2147.0,25.68,0
2148.0,26.24,0
2149.0,26.05,0
2150.0,26.22,0
2151.0,26.32,0
2152.0,26.16,0
2153.0,26.36,0
2154.0,25.6,0
2155.0,25.61,0
2156.0,25.73,0
2157.0,25.26,0
2158.0,25.53,0
2159.0,25.75,1
2160.0,26.08,1
2161.0,26.44,1
2162.0,25.91,1
2163.0,25.46,1
2164.0,25.79,1
2165.0,25.79,1
2166.0,25.78,1
2167.0,25.34,1
2168.0,25.09,1
2169.0,25.34,1
2170.0,25.25,1
2171.0,24.6,1
2172.0,24.81,1
2173.0,24.98,1
2174.0,24.8,1
2175.0,24.81,1
2176.0,24.24,1
2177.0,24.97,1
2178.0,24.49,1
2179.0,24.95,1
2180.0,24.06,1
2181.0,24.49,0
2182.0,24.54,0
2183.0,24.87,0
2184.0,24.38,0
2185.0,24.08,0
2186.0,24.55,0
2187.0,24.04,0
2188.0,24.93,0
2189.0,24.21,0
2190.0,24.5,0
2191.0,24.91,0
2192.0,25.34,0
2193.0,24.95,0
2194.0,24.96,0
2195.0,25.05,0
2196.0,25.36,0
2197.0,25.51,0
2198.0,24.59,0
2199.0,25.05,0
2200.0,25.6,0
2201.0,25.02,0
2202.0,25.44,0
2203.0,25.42,0
2204.0,25.38,0
2205.0,25.64,0
2206.0,25.22,0
2207.0,25.08,0
2208.0,25.13,0
2209.0,25.37,0
2210.0,25.19,0
2211.0,25.46,0
2212.0,25.25,0
2213.0,25.82,0
2214.0,26.15,0
2215.0,26.14,0
2216.0,25.7,0
2217.0,29.21,0
2218.0,25.79,0
2219.0,25.93,0
2220.0,25.37,0
2221.0,25.92,0
2222.0,25.32,0
2223.0,25.73,0
2224.0,25.54,0
2225.0,25.49,0
2226.0,25.68,0
2227.0,25.68,0
2228.0,25.66,0
2229.0,25.52,0
2230.0,26.24,0
2231.0,26.22,0
2232.0,26.14,0
2233.0,25.89,0
2234.0,26.14,0
2235.0,26.19,0
2236.0,26.03,0
2237.0,26.04,0
2238.0,26.09,0
2239.0,26.07,0
2240.0,25.99,0
2241.0,25.98,0
2242.0,25.99,0
2243.0,26.04,0
2244.0,25.8,0
2245.0,25.98,0
2246.0,25.93,0
2247.0,26.26,0
2248.0,26.29,0
2249.0,25.84,0
2250.0,25.91,0
2251.0,26.17,0
2252.0,26.32,0
2253.0,25.72,0
2254.0,25.94,0
2255.0,26.41,0
2256.0,26.16,0
2257.0,26.37,0
2258.0,25.82,0
2259.0,26.46,0
2260.0,25.39,0
2261.0,26.36,0
2262.0,25.67,0
2263.0,26.0,0
2264.0,25.77,0
2265.0,26.28,0
2266.0,26.13,0
2267.0,26.75,0
2268.0,26.38,0
2269.0,25.86,1
2270.0,25.94,1
2271.0,25.46,1
2272.0,21.51,1
2273.0,25.0,1
2274.0,25.35,1
2275.0,25.51,1
2276.0,26.35,1
2277.0,25.44,1
2278.0,25.08,1
2279.0,30.82,1
2280.0,25.72,1
2281.0,24.63,1
2282.0,25.53,1
2283.0,25.1,1
2284.0,24.55,1
2285.0,24.33,1
2286.0,24.23,1
2287.0,24.08,1
2288.0,23.79,1
2289.0,25.25,0
2290.0,24.5,0
2291.0,24.86,0
2292.0,24.65,0
2293.0,25.5,0
2294.0,24.36,0
2295.0,24.61,0
2296.0,24.47,0
2297.0,24.64,0
2298.0,24.45,0
2299.0,25.38,0
2300.0,25.09,0
2301.0,24.6,0
2302.0,24.77,0
2303.0,25.54,0
2304.0,24.81,0
2305.0,25.71,0
2306.0,25.45,0
2307.0,25.06,0
2308.0,25.09,0
2309.0,25.24,0
2310.0,25.75,0
2311.0,25.44,0
2312.0,25.56,0
2313.0,26.23,0
2314.0,25.43,0
2315.0,25.46,0
2316.0,21.9,0
2317.0,25.96,0
2318.0,25.46,0
2319.0,25.96,0
2320.0,26.14,0
2321.0,26.11,0
2322.0,25.21,0
2323.0,25.76,0
2324.0,25.23,0
2325.0,26.09,0
2326.0,24.93,0
2327.0,25.2,0
2328.0,25.86,0
2329.0,25.83,0
2330.0,25.79,0
2331.0,25.4,0
2332.0,25.48,0
2333.0,25.64,0
2334.0,25.7,0
2335.0,26.23,0
2336.0,26.24,0
2337.0,26.06,0
2338.0,25.91,0
2339.0,26.04,0
2340.0,26.06,0
2341.0,25.99,0
2342.0,25.98,0
2343.0,25.62,0
2344.0,25.98,0
2345.0,26.1,0
2346.0,25.86,0
2347.0,26.02,0
2348.0,26.24,0
2349.0,25.68,0
2350.0,26.24,0
2351.0,25.93,0
2352.0,26.04,0
2353.0,26.0,0
2354.0,26.12,0
2355.0,26.1,0
2356.0,25.98,0
2357.0,25.74,0
2358.0,25.75,0
2359.0,26.07,0
2360.0,26.45,0
2361.0,25.87,0
2362.0,25.74,0
2363.0,26.3,0
2364.0,26.18,0
2365.0,26.32,0
2366.0,26.1,0
2367.0,25.94,0
2368.0,26.15,0
2369.0,26.05,1
2370.0,26.32,1
2371.0,25.82,1
2372.0,26.28,1
2373.0,25.6,1
2374.0,25.71,1
2375.0,25.52,1
2376.0,25.61,1
2377.0,25.22,1
2378.0,25.52,1
2379.0,25.33,1
2380.0,25.24,1
2381.0,24.55,1
2382.0,25.24,1
2383.0,25.16,1
2384.0,24.69,1
2385.0,24.65,1
2386.0,24.97,0
2387.0,24.86,0
2388.0,25.26,0
2389.0,24.83,0
2390.0,24.46,0
2391.0,24.9,0
2392.0,24.86,0
2393.0,25.26,0
2394.0,25.19,0
2395.0,25.15,0
2396.0,25.06,0
2397.0,25.09,0
2398.0,25.2,0
2399.0,25.04,0
2400.0,25.54,0
2401.0,25.63,0
2402.0,25.97,0
2403.0,25.14,0
2404.0,25.16,0
2405.0,25.89,0
2406.0,25.41,0
2407.0,25.53,0
2408.0,25.48,0
2409.0,25.6,0
2410.0,20.38,0
2411.0,25.3,0
2412.0,25.63,0
2413.0,25.21,0
2414.0,25.86,0
2415.0,25.11,0
2416.0,25.72,0
2417.0,25.94,0
2418.0,26.01,0
2419.0,25.58,0
2420.0,25.98,0
2421.0,25.85,0
2422.0,25.96,0
2423.0,25.02,0
2424.0,26.09,0
2425.0,25.89,0
2426.0,25.63,0
2427.0,25.97,0
2428.0,25.32,0
2429.0,25.79,0
2430.0,26.13,0
2431.0,26.39,0
2432.0,25.71,0
2433.0,26.27,0
2434.0,25.72,0
2435.0,26.07,0
2436.0,26.05,0
2437.0,25.98,0
2438.0,26.16,0
2439.0,25.82,0
2440.0,26.26,0
2441.0,25.92,0
2442.0,25.7,0
2443.0,26.26,0
2444.0,25.89,0
2445.0,25.95,0
2446.0,26.22,0
2447.0,26.34,0
2448.0,25.94,0
2449.0,25.51,0
2450.0,25.68,0
2451.0,25.85,0
2452.0,25.93,0
2453.0,25.95,0
2454.0,26.01,0
2455.0,26.45,0
2456.0,25.92,0
2457.0,26.12,0
2458.0,26.29,0
2459.0,26.36,0
2460.0,26.37,0
2461.0,26.19,0
2462.0,26.01,0
2463.0,26.08,0
2464.0,26.23,0
2465.0,26.31,0
2466.0,26.21,0
2467.0,26.02,0
2468.0,25.53,0
2469.0,26.12,0
2470.0,25.5,1
2471.0,25.99,1
2472.0,26.1,1
2473.0,26.06,1
2474.0,25.64,1
2475.0,25.75,1
2476.0,25.64,1
2477.0,25.28,1
2478.0,25.29,1
2479.0,25.35,1
2480.0,25.22,1
2481.0,24.86,1
2482.0,24.67,1
2483.0,25.22,1
2484.0,24.89,1
2485.0,24.9,1
2486.0,24.77,1
2487.0,24.64,1
2488.0,24.39,1
2489.0,24.73,1
2490.0,24.48,1
2491.0,24.08,0
2492.0,24.24,0
2493.0,24.63,0
2494.0,24.48,0
2495.0,24.61,0
2496.0,24.31,0
2497.0,24.45,0
2498.0,25.05,0
2499.0,24.99,0
2500.0,24.95,0
2501.0,25.28,0
2502.0,24.98,0
2503.0,25.21,0
2504.0,24.71,0
2505.0,24.66,0
2506.0,29.67,0
2507.0,24.82,0
2508.0,25.42,0
2509.0,25.12,0
2510.0,25.34,0
2511.0,25.31,0
2512.0,25.2,0
2513.0,25.58,0
2514.0,24.9,0
2515.0,25.63,0
2516.0,25.51,0
2517.0,25.46,0
2518.0,25.29,0
2519.0,25.26,0
2520.0,29.31,0
2521.0,30.4,0
2522.0,25.55,0
2523.0,25.52,0
2524.0,25.99,0
2525.0,29.84,0
2526.0,25.85,0
2527.0,25.6,0
2528.0,25.76,0
2529.0,25.89,0
2530.0,25.47,0
2531.0,25.53,0
2532.0,25.54,0
2533.0,25.47,0
2534.0,25.45,0
2535.0,25.82,0
2536.0,25.62,0
2537.0,25.85,0
2538.0,26.03,0
2539.0,25.56,0
2540.0,26.24,0
2541.0,25.84,0
2542.0,25.97,0
2543.0,25.88,0
2544.0,25.68,0
2545.0,26.22,0
2546.0,26.06,0
2547.0,25.99,0
2548.0,25.86,0
2549.0,26.07,0
2550.0,26.11,0
2551.0,25.67,0
2552.0,26.04,0
2553.0,25.9,0
2554.0,26.04,0
2555.0,26.16,0
2556.0,25.99,0
2557.0,25.85,0
2558.0,26.2,0
2559.0,25.86,0
2560.0,26.16,0
2561.0,25.83,0
2562.0,25.75,0
2563.0,26.06,0
2564.0,25.73,0
2565.0,25.2,0
2566.0,26.36,0
2567.0,26.48,0
2568.0,25.92,0
2569.0,26.3,0
2570.0,26.16,0
2571.0,26.49,0
2572.0,25.86,0
2573.0,26.58,0
2574.0,25.96,0
2575.0,25.66,0
2576.0,25.99,0
2577.0,26.25,0
2578.0,26.43,0
2579.0,25.87,1
2580.0,25.74,1
2581.0,25.74,1
2582.0,25.89,1
2583.0,26.03,1
2584.0,26.33,1
2585.0,25.6,1
2586.0,25.23,1
2587.0,24.76,1
2588.0,25.33,1
2589.0,24.65,1
2590.0,25.27,1
2591.0,24.37,1
2592.0,24.91,1
2593.0,25.02,1
2594.0,24.34,1
2595.0,24.31,1
2596.0,24.16,0
2597.0,24.6,0
2598.0,25.06,0
2599.0,24.1,0
2600.0,24.02,0
2601.0,24.79,0
2602.0,24.86,0
2603.0,24.71,0
2604.0,24.7,0
2605.0,24.92,0
2606.0,24.99,0
2607.0,25.09,0
2608.0,26.47,0
2609.0,25.17,0
2610.0,25.61,0
2611.0,24.55,0
2612.0,25.24,0
2613.0,25.59,0
2614.0,25.06,0
2615.0,25.87,0
2616.0,25.62,0
2617.0,25.46,0
2618.0,25.14,0
2619.0,25.76,0
2620.0,25.56,0
2621.0,25.57,0
2622.0,25.36,0
2623.0,25.54,0
2624.0,25.38,0
2625.0,25.69,0
2626.0,25.19,0
2627.0,25.53,0
2628.0,26.02,0
2629.0,25.76,0
2630.0,26.16,0
2631.0,25.89,0
2632.0,25.76,0
2633.0,25.19,0
2634.0,25.82,0
2635.0,25.97,0
2636.0,25.74,0
2637.0,26.16,0
2638.0,25.58,0
2639.0,26.52,0
2640.0,25.19,0
2641.0,25.94,0
2642.0,25.51,0
2643.0,26.48,0
2644.0,25.78,0
2645.0,26.06,0
2646.0,25.98,0
2647.0,25.99,0
2648.0,25.76,0
2649.0,26.11,0
2650.0,26.36,0
2651.0,26.04,0
2652.0,26.25,0
2653.0,26.04,0
2654.0,25.76,0
2655.0,25.96,0
2656.0,25.95,0
2657.0,25.53,0
2658.0,26.07,0
2659.0,26.14,0
2660.0,25.99,0
2661.0,26.09,0
2662.0,25.89,0
2663.0,26.14,0
2664.0,26.14,0
2665.0,26.39,0
2666.0,26.09,0
2667.0,26.06,0
2668.0,25.96,0
2669.0,26.59,0
2670.0,26.23,0
2671.0,26.06,0
2672.0,26.41,0
2673.0,26.24,0
2674.0,25.98,0
2675.0,26.09,0
2676.0,26.06,0
2677.0,25.36,0
2678.0,25.32,0
2679.0,25.82,0
2680.0,25.9,0
2681.0,26.02,0
2682.0,26.28,0
2683.0,25.96,0
2684.0,25.33,1
2685.0,25.84,1
2686.0,25.62,1
2687.0,25.56,1
2688.0,26.06,1
2689.0,25.78,1
2690.0,25.19,1
2691.0,25.55,1
2692.0,25.48,1
2693.0,25.58,1
2694.0,25.36,1
2695.0,24.8,1
2696.0,25.04,1
2697.0,25.01,1
2698.0,25.19,1
2699.0,25.13,1
2700.0,24.7,1
2701.0,24.07,1
2702.0,23.86,1
2703.0,24.42,1
2704.0,24.83,1
2705.0,24.08,0
2706.0,24.85,0
2707.0,24.73,0
2708.0,24.43,0
2709.0,24.38,0
2710.0,24.59,0
2711.0,25.1,0
2712.0,25.02,0
2713.0,24.51,0
2714.0,24.77,0
2715.0,24.67,0
2716.0,24.68,0
2717.0,24.57,0
2718.0,24.97,0
2719.0,24.48,0
2720.0,24.82,0
2721.0,24.99,0
2722.0,25.27,0
2723.0,25.19,0
2724.0,25.1,0
2725.0,25.68,0
2726.0,25.77,0
2727.0,25.03,0
2728.0,25.85,0
2729.0,24.95,0
2730.0,25.35,0
2731.0,20.56,0
2732.0,25.87,0
2733.0,25.51,0
2734.0,25.33,0
2735.0,25.41,0
2736.0,25.88,0
2737.0,25.6,0
2738.0,25.8,0
2739.0,25.74,0
2740.0,26.0,0
2741.0,25.47,0
2742.0,25.67,0
2743.0,25.78,0
2744.0,26.14,0
2745.0,25.46,0
2746.0,25.86,0
2747.0,25.69,0
2748.0,25.73,0
2749.0,25.69,0
2750.0,25.49,0
2751.0,25.83,0
2752.0,26.11,0
2753.0,25.75,0
2754.0,25.74,0
2755.0,25.77,0
2756.0,25.62,0
2757.0,25.94,0
2758.0,26.0,0
2759.0,25.5,0
2760.0,26.23,0
2761.0,26.04,0
2762.0,26.24,0
2763.0,25.78,0
2764.0,26.02,0
2765.0,25.92,0
2766.0,25.61,0
2767.0,26.1,0
2768.0,26.0,0
2769.0,26.13,0
2770.0,25.91,0
2771.0,26.05,0
2772.0,26.21,0
2773.0,25.79,0
2774.0,25.82,0
2775.0,26.3,0
2776.0,26.37,0
2777.0,26.47,0
2778.0,25.9,0
2779.0,26.12,0
2780.0,25.63,0
2781.0,25.71,0
2782.0,25.37,0
2783.0,25.32,0
2784.0,26.31,0
2785.0,26.38,0
2786.0,26.51,0
2787.0,26.02,0
2788.0,26.44,0
2789.0,26.33,1
2790.0,25.39,1
2791.0,25.42,1
2792.0,25.75,1
2793.0,25.69,1
2794.0,25.83,1
2795.0,25.61,1
2796.0,25.33,1
2797.0,25.63,1
2798.0,25.56,1
2799.0,25.41,1
2800.0,24.79,1
2801.0,23.89,1
2802.0,25.08,1
2803.0,24.78,1
2804.0,25.08,1
2805.0,24.3,1
2806.0,19.21,1
2807.0,23.96,0
2808.0,25.08,0
2809.0,24.9,0
2810.0,24.54,0
2811.0,25.28,0
2812.0,24.77,0
2813.0,24.51,0
2814.0,25.27,0
2815.0,24.41,0
2816.0,25.15,0
2817.0,24.91,0
2818.0,24.36,0
2819.0,24.28,0
2820.0,24.9,0
2821.0,24.8,0
2822.0,24.92,0
2823.0,25.73,0
2824.0,25.81,0
2825.0,25.24,0
2826.0,26.21,0
2827.0,25.13,0
2828.0,25.55,0
2829.0,25.47,0
2830.0,25.66,0
2831.0,25.91,0
2832.0,25.14,0
2833.0,25.96,0
2834.0,26.29,0
2835.0,25.69,0
2836.0,25.33,0
2837.0,25.62,0
2838.0,25.7,0
2839.0,25.35,0
2840.0,25.41,0
2841.0,25.97,0
2842.0,25.68,0
2843.0,25.57,0
2844.0,26.08,0
2845.0,25.98,0
2846.0,26.3,0
2847.0,25.65,0
2848.0,25.48,0
2849.0,25.5,0
2850.0,26.21,0
2851.0,25.78,0
2852.0,25.39,0
2853.0,26.04,0
2854.0,25.84,0
2855.0,25.05,0
2856.0,25.93,0
2857.0,25.93,0
2858.0,26.07,0
2859.0,25.69,0
2860.0,26.0,0
2861.0,25.47,0
2862.0,26.28,0
2863.0,25.92,0
2864.0,25.8,0
2865.0,26.25,0
2866.0,26.06,0
2867.0,26.29,0
2868.0,25.66,0
2869.0,26.02,0
2870.0,26.21,0
2871.0,25.75,0
2872.0,26.0,0
2873.0,25.85,0
2874.0,25.9,0
2875.0,26.48,0
2876.0,31.68,0
2877.0,26.24,0
2878.0,26.66,0
2879.0,25.88,0
2880.0,26.71,0
2881.0,26.54,0
2882.0,26.12,0
2883.0,26.77,0
2884.0,25.57,0
2885.0,25.58,0
2886.0,26.23,0
2887.0,25.81,0
2888.0,25.8,0
2889.0,25.58,1
2890.0,26.15,1
2891.0,25.71,1
2892.0,25.93,1
2893.0,25.93,1
2894.0,25.3,1
2895.0,25.18,1
2896.0,24.54,1
2897.0,25.72,1
2898.0,25.04,1
2899.0,24.95,1
2900.0,24.67,1
2901.0,25.3,1
2902.0,24.92,1
2903.0,24.84,1
2904.0,24.58,1
2905.0,25.16,0
2906.0,24.71,0
2907.0,24.64,0
2908.0,24.33,0
2909.0,24.27,0
2910.0,25.12,0
2911.0,25.78,0
2912.0,24.76,0
2913.0,25.11,0
2914.0,24.72,0
2915.0,24.41,0
2916.0,24.95,0
2917.0,25.54,0
2918.0,25.5,0
2919.0,24.94,0
2920.0,25.5,0
2921.0,25.25,0
2922.0,24.83,0
2923.0,25.1,0
2924.0,25.09,0
2925.0,25.39,0
2926.0,25.61,0
2927.0,24.88,0
2928.0,25.34,0
2929.0,25.87,0
2930.0,25.27,0
2931.0,25.79,0
2932.0,26.12,0
2933.0,25.64,0
2934.0,20.03,0
2935.0,25.74,0
2936.0,25.19,0
2937.0,26.04,0
2938.0,25.49,0
2939.0,25.93,0
2940.0,25.99,0
2941.0,26.22,0
2942.0,25.6,0
2943.0,25.83,0
2944.0,25.3,0
2945.0,25.86,0
2946.0,25.97,0
2947.0,25.37,0
2948.0,25.86,0
2949.0,25.63,0
2950.0,25.86,0
2951.0,25.94,0
2952.0,25.99,0
2953.0,26.0,0
2954.0,26.3,0
2955.0,26.3,0
2956.0,26.48,0
2957.0,25.99,0
2958.0,25.98,0
2959.0,26.23,0
2960.0,25.77,0
2961.0,26.43,0
2962.0,25.94,0
2963.0,25.93,0
2964.0,25.98,0
2965.0,26.18,0
2966.0,25.69,0
2967.0,26.1,0
2968.0,26.13,0
2969.0,26.11,0
2970.0,25.89,0
2971.0,26.36,0
2972.0,26.64,0
2973.0,26.1,0
2974.0,26.51,0
2975.0,25.94,0
2976.0,26.14,0
2977.0,26.05,0
2978.0,25.65,0
2979.0,25.74,0
2980.0,25.75,0
2981.0,26.1,0
2982.0,26.31,0
2983.0,26.34,0
2984.0,26.05,0
2985.0,25.61,1
2986.0,25.88,1
2987.0,25.54,1
2988.0,25.77,1
2989.0,25.81,1
2990.0,25.08,1
2991.0,25.17,1
2992.0,25.48,1
2993.0,25.49,1
2994.0,25.6,1
2995.0,25.27,1
2996.0,25.19,1
2997.0,24.83,1
2998.0,24.5,1
2999.0,25.04,1
3000.0,24.5,1
3001.0,28.51,1
3002.0,25.28,1
3003.0,24.61,0
3004.0,24.48,0
3005.0,24.42,0
3006.0,25.13,0
3007.0,24.69,0
3008.0,24.77,0
3009.0,25.1,0
3010.0,24.85,0
3011.0,25.4,0
3012.0,24.94,0
3013.0,25.2,0
3014.0,25.2,0
3015.0,24.81,0
3016.0,25.09,0
3017.0,25.82,0
3018.0,25.66,0
3019.0,25.42,0
3020.0,24.97,0
3021.0,25.54,0
3022.0,25.12,0
3023.0,24.92,0
3024.0,25.44,0
3025.0,25.58,0
3026.0,25.52,0
3027.0,25.5,0
3028.0,24.83,0
3029.0,25.32,0
3030.0,25.41,0
3031.0,25.69,0
3032.0,25.18,0
3033.0,25.58,0
3034.0,25.31,0
3035.0,25.8,0
3036.0,25.46,0
3037.0,26.08,0
3038.0,25.61,0
3039.0,25.28,0
3040.0,25.59,0
3041.0,25.67,0
3042.0,25.81,0
3043.0,25.82,0
3044.0,25.56,0
3045.0,25.82,0
3046.0,25.28,0
3047.0,25.83,0
3048.0,26.15,0
3049.0,25.9,0
3050.0,25.65,0
3051.0,26.57,0
3052.0,25.84,0
3053.0,25.69,0
3054.0,26.18,0
3055.0,26.23,0
3056.0,26.17,0
3057.0,26.04,0
3058.0,26.0,0
3059.0,26.33,0
3060.0,26.04,0
3061.0,26.39,0
3062.0,25.98,0
3063.0,25.51,0
3064.0,26.02,0
3065.0,26.12,0
3066.0,26.31,0
3067.0,26.03,0
3068.0,26.46,0
3069.0,26.05,0
3070.0,26.04,0
3071.0,26.11,0
3072.0,26.45,0
3073.0,26.01,0
3074.0,26.06,0
3075.0,25.42,0
3076.0,25.91,0
3077.0,26.27,0
3078.0,25.93,0
3079.0,26.29,0
3080.0,25.75,0
3081.0,25.88,0
3082.0,26.09,0
3083.0,25.7,0
3084.0,25.39,0
3085.0,25.87,0
3086.0,25.33,1
3087.0,25.19,1
3088.0,26.03,1
3089.0,25.57,1
3090.0,25.78,1
3091.0,25.49,1
3092.0,25.58,1
3093.0,25.65,1
3094.0,25.71,1
3095.0,25.05,1
3096.0,25.87,1
3097.0,25.34,1
3098.0,25.19,1
3099.0,24.44,1
3100.0,24.23,1
3101.0,25.16,1
3102.0,25.0,0
3103.0,24.87,0
3104.0,24.59,0
3105.0,24.94,0
3106.0,24.77,0
3107.0,24.83,0
3108.0,24.96,0
3109.0,24.23,0
3110.0,25.66,0
3111.0,25.14,0
3112.0,24.94,0
3113.0,25.64,0
3114.0,25.18,0
3115.0,25.01,0
3116.0,25.4,0
3117.0,25.3,0
3118.0,25.34,0
3119.0,25.62,0
3120.0,25.06,0
3121.0,25.94,0
3122.0,25.86,0
3123.0,25.35,0
3124.0,26.02,0
3125.0,26.4,0
3126.0,25.81,0
3127.0,25.79,0
3128.0,25.74,0
3129.0,25.53,0
3130.0,25.67,0
3131.0,25.27,0
3132.0,25.13,0
3133.0,25.51,0
3134.0,25.52,0
3135.0,26.08,0
3136.0,25.82,0
3137.0,26.06,0
3138.0,25.95,0
3139.0,25.47,0
3140.0,25.94,0
3141.0,25.7,0
3142.0,26.02,0
3143.0,26.36,0
3144.0,25.79,0
3145.0,25.92,0
3146.0,25.14,0
3147.0,25.7,0
3148.0,25.8,0
3149.0,25.56,0
3150.0,25.75,0
3151.0,26.09,0
3152.0,25.97,0
3153.0,26.6,0
3154.0,26.07,0
3155.0,26.14,0
3156.0,25.91,0
3157.0,25.98,0
3158.0,25.96,0
3159.0,26.06,0
3160.0,25.89,0
3161.0,25.9,0
3162.0,26.13,0
3163.0,26.08,0
3164.0,26.05,0
3165.0,25.99,0
3166.0,26.31,0
3167.0,26.18,0
3168.0,25.94,0
3169.0,25.6,0
3170.0,30.85,0
3171.0,25.46,0
3172.0,25.67,0
3173.0,26.31,0
3174.0,25.77,0
3175.0,25.59,0
3176.0,26.21,0
3177.0,26.25,0
3178.0,26.19,0
3179.0,26.44,0
3180.0,25.53,0
3181.0,25.73,0
3182.0,26.17,0
3183.0,25.88,1
3184.0,25.79,1
3185.0,25.7,1
3186.0,25.28,1
3187.0,25.7,1
3188.0,24.97,1
3189.0,25.5,1
3190.0,25.55,1
3191.0,25.53,1
3192.0,25.71,1
3193.0,25.28,1
3194.0,25.81,1
3195.0,24.93,1
3196.0,25.32,1
3197.0,25.07,1
3198.0,24.26,1
3199.0,24.03,0
3200.0,25.04,0
3201.0,24.39,0
3202.0,24.64,0
3203.0,25.32,0
3204.0,25.36,0
3205.0,25.15,0
3206.0,24.98,0
3207.0,25.58,0
3208.0,24.76,0
3209.0,25.02,0
3210.0,25.23,0
3211.0,19.62,0
3212.0,24.84,0
3213.0,25.23,0
3214.0,25.61,0
3215.0,25.24,0
3216.0,25.53,0
3217.0,25.56,0
3218.0,25.42,0
3219.0,25.05,0
3220.0,25.42,0
3221.0,25.65,0
3222.0,24.45,0
3223.0,25.66,0
3224.0,25.65,0
3225.0,25.53,0
3226.0,25.56,0
3227.0,25.55,0
3228.0,26.33,0
3229.0,25.09,0
3230.0,26.0,0
3231.0,25.66,0
3232.0,25.41,0
3233.0,25.8,0
3234.0,25.73,0
3235.0,26.08,0
3236.0,25.35,0
3237.0,25.67,0
3238.0,26.0,0
3239.0,25.84,0
3240.0,26.24,0
3241.0,25.14,0
3242.0,25.65,0
3243.0,26.17,0
3244.0,25.42,0
3245.0,25.55,0
3246.0,26.35,0
3247.0,25.66,0
3248.0,25.94,0
3249.0,25.92,0
3250.0,25.97,0
3251.0,26.25,0
3252.0,25.75,0
3253.0,26.14,0
3254.0,26.39,0
3255.0,26.07,0
3256.0,26.33,0
3257.0,25.95,0
3258.0,25.94,0
3259.0,26.12,0
3260.0,25.64,0
3261.0,26.46,0
3262.0,26.07,0
3263.0,25.96,0
3264.0,26.18,0
3265.0,26.45,0
3266.0,25.95,0
3267.0,25.91,0
3268.0,26.39,0
3269.0,26.15,0
3270.0,25.78,0
3271.0,25.76,0
3272.0,25.78,0
3273.0,25.89,0
3274.0,25.9,0
3275.0,25.67,0
3276.0,25.41,0
3277.0,26.22,0
3278.0,26.52,0
3279.0,25.7,0
3280.0,26.6,0
3281.0,26.09,0
3282.0,25.92,0
3283.0,25.86,0
3284.0,25.68,0
3285.0,25.91,1
3286.0,25.49,1
3287.0,25.91,1
3288.0,26.08,1
3289.0,25.64,1
3290.0,25.16,1
3291.0,25.41,1
3292.0,25.41,1
3293.0,25.4,1
3294.0,24.79,1
3295.0,25.07,1
3296.0,25.14,1
3297.0,25.61,1
3298.0,24.72,1
3299.0,24.87,1
3300.0,24.46,1
3301.0,24.66,1
3302.0,24.46,1
3303.0,24.36,0
3304.0,24.64,0
3305.0,19.85,0
3306.0,24.83,0
3307.0,28.75,0
3308.0,24.98,0
3309.0,25.03,0
3310.0,24.92,0
3311.0,24.87,0
3312.0,25.08,0
3313.0,25.09,0
3314.0,25.59,0
3315.0,24.73,0
3316.0,25.45,0
3317.0,25.37,0
3318.0,25.47,0
3319.0,25.68,0
3320.0,25.3,0
3321.0,25.56,0
3322.0,25.57,0
3323.0,25.33,0
3324.0,25.59,0
3325.0,25.24,0
3326.0,25.46,0
3327.0,25.53,0
3328.0,25.39,0
3329.0,25.28,0
3330.0,25.6,0
3331.0,25.7,0
3332.0,25.76,0
3333.0,25.44,0
3334.0,25.52,0
3335.0,25.31,0
3336.0,25.48,0
3337.0,25.6,0
3338.0,25.76,0
3339.0,25.52,0
3340.0,25.96,0
3341.0,26.13,0
3342.0,25.41,0
3343.0,25.89,0
3344.0,25.96,0
3345.0,25.76,0
3346.0,19.78,0
3347.0,25.53,0
3348.0,26.15,0
3349.0,25.55,0
3350.0,25.91,0
3351.0,26.17,0
3352.0,25.93,0
3353.0,26.05,0
3354.0,26.19,0
3355.0,26.33,0
3356.0,25.85,0
3357.0,26.0,0
3358.0,25.56,0
3359.0,26.18,0
3360.0,26.13,0
3361.0,26.0,0
3362.0,26.0,0
3363.0,26.41,0
3364.0,26.04,0
3365.0,25.86,0
3366.0,25.68,0
3367.0,25.76,0
3368.0,25.91,0
3369.0,26.14,0
3370.0,26.09,0
3371.0,26.08,0
3372.0,26.04,0
3373.0,26.11,0
3374.0,25.93,0
3375.0,21.23,0
3376.0,26.06,0
3377.0,25.8,0
3378.0,25.81,0
3379.0,25.88,0
3380.0,25.67,0
3381.0,26.29,0
3382.0,26.52,0
3383.0,25.95,0
3384.0,26.23,0
3385.0,25.71,0
3386.0,26.37,0
3387.0,26.19,0
3388.0,26.08,0
3389.0,26.14,0
3390.0,25.92,1
3391.0,26.03,1
3392.0,25.97,1
3393.0,25.3,1
3394.0,25.37,1
3395.0,25.43,1
3396.0,25.48,1
3397.0,25.01,1
3398.0,25.2,1
3399.0,24.86,1
3400.0,25.05,1
3401.0,25.56,1
3402.0,24.25,1
3403.0,25.03,1
3404.0,24.86,1
3405.0,24.7,1
3406.0,24.6,1
3407.0,24.78,0
3408.0,24.45,0
3409.0,24.53,0
3410.0,25.16,0
3411.0,25.12,0
3412.0,24.7,0
3413.0,25.35,0
3414.0,24.99,0
3415.0,25.24,0
3416.0,24.65,0
3417.0,25.61,0
3418.0,25.09,0
3419.0,25.39,0
3420.0,25.04,0
3421.0,25.03,0
3422.0,25.3,0
3423.0,25.73,0
3424.0,25.34,0
3425.0,25.6,0
3426.0,25.16,0
3427.0,25.44,0
3428.0,25.8,0
3429.0,25.72,0
3430.0,25.34,0
3431.0,25.62,0
3432.0,25.95,0
3433.0,25.38,0
3434.0,25.86,0
3435.0,25.36,0
3436.0,25.47,0
3437.0,25.59,0
3438.0,25.65,0
3439.0,25.44,0
3440.0,25.48,0
3441.0,25.87,0
3442.0,25.8,0
3443.0,25.81,0
3444.0,25.69,0
3445.0,25.94,0
3446.0,25.63,0
3447.0,25.54,0
3448.0,26.16,0
3449.0,25.82,0
3450.0,25.69,0
3451.0,25.41,0
3452.0,26.34,0
3453.0,25.84,0
3454.0,25.33,0
3455.0,25.71,0
3456.0,25.99,0
3457.0,26.22,0
3458.0,25.82,0
3459.0,26.06,0
3460.0,26.1,0
3461.0,25.93,0
3462.0,26.07,0
3463.0,26.08,0
3464.0,25.77,0
3465.0,25.83,0
3466.0,26.1,0
3467.0,26.16,0
3468.0,26.13,0
3469.0,25.64,0
3470.0,26.04,0
3471.0,25.94,0
3472.0,25.94,0
3473.0,25.86,0
3474.0,26.05,0
3475.0,25.8,0
3476.0,25.93,0
3477.0,25.53,0
3478.0,26.02,0
3479.0,26.23,0
3480.0,26.08,0
3481.0,25.83,0
3482.0,26.05,0
3483.0,25.84,0
3484.0,25.66,0
3485.0,26.16,0
3486.0,26.42,0
3487.0,26.34,0
3488.0,25.72,1
3489.0,25.81,1
3490.0,25.8,1
3491.0,26.02,1
3492.0,25.36,1
3493.0,25.87,1
3494.0,25.18,1
3495.0,25.09,1
3496.0,25.44,1
3497.0,25.01,1
3498.0,25.39,1
3499.0,24.88,1
3500.0,25.18,1
3501.0,24.29,1
3502.0,24.49,1
3503.0,24.77,1
3504.0,25.03,1
3505.0,24.9,1
3506.0,24.3,1
3507.0,24.48,1
3508.0,29.59,1
3509.0,24.56,1
3510.0,24.36,0
3511.0,24.45,0
3512.0,25.14,0
3513.0,24.53,0
3514.0,24.43,0
3515.0,24.41,0
3516.0,25.07,0
3517.0,24.46,0
3518.0,24.82,0
3519.0,24.61,0
3520.0,25.43,0
3521.0,24.6,0
3522.0,25.0,0
3523.0,25.3,0
3524.0,19.51,0
3525.0,24.92,0
3526.0,24.79,0
3527.0,25.71,0
3528.0,25.33,0
3529.0,25.26,0
3530.0,25.34,0
3531.0,24.77,0
3532.0,30.71,0
3533.0,25.14,0
3534.0,25.35,0
3535.0,25.05,0
3536.0,25.13,0
3537.0,25.21,0
3538.0,25.61,0
3539.0,25.83,0
3540.0,25.59,0
3541.0,25.41,0
3542.0,25.3,0
3543.0,22.31,0
3544.0,26.02,0
3545.0,25.83,0
3546.0,25.46,0
3547.0,25.54,0
3548.0,26.06,0
3549.0,25.02,0
3550.0,26.16,0
3551.0,25.23,0
3552.0,25.75,0
3553.0,25.53,0
3554.0,25.85,0
3555.0,25.8,0
3556.0,25.71,0
3557.0,26.0,0
3558.0,26.02,0
3559.0,25.95,0
3560.0,26.35,0
3561.0,25.93,0
3562.0,26.32,0
3563.0,26.2,0
3564.0,26.11,0
3565.0,25.86,0
3566.0,26.31,0
3567.0,26.2,0
3568.0,25.67,0
3569.0,25.86,0
3570.0,26.13,0
3571.0,26.16,0
3572.0,26.23,0
3573.0,26.03,0
3574.0,26.03,0
3575.0,26.49,0
3576.0,25.89,0
3577.0,25.4,0
3578.0,26.06,0
3579.0,25.84,0
3580.0,25.92,0
3581.0,26.13,0
3582.0,25.9,0
3583.0,26.19,0
3584.0,25.59,0
3585.0,26.52,0
3586.0,26.29,0
3587.0,25.86,0
3588.0,25.84,0
3589.0,26.17,0
3590.0,26.18,0
3591.0,25.99,1
3592.0,25.98,1
3593.0,25.56,1
3594.0,29.89,1
3595.0,25.32,1
3596.0,26.01,1
3597.0,25.47,1
3598.0,25.41,1
3599.0,25.47,1
3600.0,25.11,1
3601.0,25.37,1
3602.0,24.81,1
3603.0,24.54,1
3604.0,25.17,1
3605.0,24.91,1
3606.0,24.61,1
3607.0,24.44,1
3608.0,24.39,1
3609.0,24.4,1
3610.0,24.22,1
3611.0,24.31,1
3612.0,24.01,1
3613.0,21.18,1
3614.0,24.13,1
3615.0,23.82,1
3616.0,23.92,0
3617.0,24.11,0
3618.0,23.95,0
3619.0,24.42,0
3620.0,24.63,0
3621.0,24.51,0
3622.0,24.85,0
3623.0,24.14,0
3624.0,24.89,0
3625.0,24.81,0
3626.0,24.7,0
3627.0,24.9,0
3628.0,24.65,0
3629.0,25.0,0
3630.0,25.05,0
3631.0,24.61,0
3632.0,25.0,0
3633.0,25.2,0
3634.0,24.99,0
3635.0,25.09,0
3636.0,24.97,0
3637.0,25.52,0
3638.0,24.93,0
3639.0,24.91,0
3640.0,25.24,0
3641.0,25.18,0
3642.0,25.27,0
3643.0,25.56,0
3644.0,25.36,0
3645.0,25.66,0
3646.0,25.28,0
3647.0,25.07,0
3648.0,25.61,0
3649.0,25.33,0
3650.0,25.43,0
3651.0,25.77,0
3652.0,25.75,0
3653.0,25.74,0
3654.0,26.0,0
3655.0,25.53,0
3656.0,25.62,0
3657.0,25.86,0
3658.0,25.86,0
3659.0,25.68,0
3660.0,25.68,0
3661.0,25.93,0
3662.0,25.26,0
3663.0,25.69,0
3664.0,25.63,0
3665.0,25.99,0
3666.0,25.98,0
3667.0,26.27,0
3668.0,26.23,0
3669.0,25.73,0
3670.0,25.7,0
3671.0,25.76,0
3672.0,25.92,0
3673.0,26.02,0
3674.0,25.73,0
3675.0,26.03,0
3676.0,26.22,0
3677.0,26.16,0
3678.0,26.09,0
3679.0,26.19,0
3680.0,25.94,0
3681.0,26.56,0
3682.0,25.85,0
3683.0,26.06,0
3684.0,26.26,0
3685.0,25.97,0
3686.0,26.26,0
3687.0,25.7,0
3688.0,25.81,0
3689.0,26.01,0
3690.0,26.03,0
3691.0,25.88,0
3692.0,25.85,0
3693.0,25.48,0
3694.0,26.14,0
3695.0,25.91,0
3696.0,26.12,0
3697.0,26.0,0
3698.0,25.95,0
3699.0,25.95,1
3700.0,25.61,1
3701.0,26.36,1
3702.0,25.68,1
3703.0,25.24,1
3704.0,25.53,1
3705.0,25.39,1
3706.0,25.0,1
3707.0,24.99,1
3708.0,25.17,1
3709.0,25.04,1
3710.0,25.15,1
3711.0,20.04,1
3712.0,24.88,1
3713.0,25.12,1
3714.0,24.83,1
3715.0,30.02,1
3716.0,24.7,1
3717.0,23.99,1
3718.0,24.72,0
3719.0,24.91,0
3720.0,24.7,0
3721.0,24.85,0
3722.0,25.16,0
3723.0,25.09,0
3724.0,25.04,0
3725.0,24.9,0
3726.0,24.73,0
3727.0,25.16,0
3728.0,24.97,0
3729.0,24.83,0
3730.0,25.0,0
3731.0,24.7,0
3732.0,24.64,0
3733.0,25.04,0
3734.0,25.45,0
3735.0,24.41,0
3736.0,25.68,0
3737.0,25.33,0
3738.0,25.47,0
3739.0,24.63,0
3740.0,25.69,0
3741.0,25.38,0
3742.0,20.48,0
3743.0,25.34,0
3744.0,31.07,0
3745.0,25.82,0
3746.0,26.01,0
3747.0,25.5,0
3748.0,25.42,0
3749.0,25.48,0
3750.0,25.3,0
3751.0,25.8,0
3752.0,25.04,0
3753.0,25.7,0
3754.0,25.83,0
3755.0,25.68,0
3756.0,25.57,0
3757.0,25.53,0
3758.0,25.84,0
3759.0,25.93,0
3760.0,25.93,0
3761.0,26.08,0
3762.0,26.73,0
3763.0,26.05,0
3764.0,25.97,0
3765.0,25.71,0
3766.0,25.49,0
3767.0,25.6,0
3768.0,25.84,0
3769.0,26.26,0
3770.0,26.06,0
3771.0,26.56,0
3772.0,26.13,0
3773.0,26.15,0
3774.0,26.08,0
3775.0,25.8,0
3776.0,25.88,0
3777.0,25.71,0
3778.0,25.88,0
3779.0,26.11,0
3780.0,25.85,0
3781.0,26.09,0
3782.0,25.61,0
3783.0,26.08,0
3784.0,25.89,0
3785.0,25.94,0
3786.0,26.47,0
3787.0,26.15,0
3788.0,26.0,0
3789.0,26.18,0
3790.0,26.05,0
3791.0,26.06,0
3792.0,21.31,0
3793.0,25.76,0
3794.0,26.34,0
3795.0,26.24,0
3796.0,25.92,0
3797.0,26.26,0
3798.0,26.04,0
3799.0,25.95,0
3800.0,26.39,0
3801.0,26.03,0
3802.0,25.9,0
3803.0,26.14,0
3804.0,25.69,0
3805.0,27.03,0
3806.0,26.07,1
3807.0,26.02,1
3808.0,25.84,1
3809.0,25.73,1
3810.0,25.4,1
3811.0,25.43,1
3812.0,25.36,1
3813.0,25.81,1
3814.0,25.11,1
3815.0,25.24,1
3816.0,25.24,1
3817.0,24.92,1
3818.0,25.54,1
3819.0,24.71,1
3820.0,20.04,1
3821.0,24.58,1
3822.0,24.56,1
3823.0,24.38,1
3824.0,24.6,1
3825.0,24.49,1
3826.0,24.15,1
3827.0,24.45,1
3828.0,24.51,1
3829.0,24.65,1
3830.0,23.92,0
3831.0,24.52,0
3832.0,28.44,0
3833.0,24.49,0
3834.0,24.92,0
3835.0,24.62,0
3836.0,24.09,0
3837.0,24.98,0
3838.0,24.81,0
3839.0,25.23,0
3840.0,24.52,0
3841.0,24.84,0
3842.0,24.98,0
3843.0,24.59,0
3844.0,24.73,0
3845.0,25.04,0
3846.0,25.45,0
3847.0,25.01,0
3848.0,25.13,0
3849.0,25.0,0
3850.0,24.81,0
3851.0,25.11,0
3852.0,25.0,0
3853.0,25.11,0
3854.0,24.77,0
3855.0,25.19,0
3856.0,25.75,0
3857.0,25.22,0
3858.0,25.97,0
3859.0,25.29,0
3860.0,25.43,0
3861.0,25.16,0
3862.0,25.58,0
3863.0,25.03,0
3864.0,25.24,0
3865.0,25.47,0
3866.0,25.71,0
3867.0,25.71,0
3868.0,25.86,0
3869.0,25.63,0
3870.0,25.61,0
3871.0,26.01,0
3872.0,25.47,0
3873.0,25.78,0
3874.0,25.78,0
3875.0,25.66,0
3876.0,26.17,0
3877.0,25.97,0
3878.0,25.41,0
3879.0,25.73,0
3880.0,26.18,0
3881.0,26.06,0
3882.0,25.99,0
3883.0,26.26,0
3884.0,25.92,0
3885.0,26.32,0
3886.0,26.04,0
3887.0,25.76,0
3888.0,25.96,0
3889.0,26.29,0
3890.0,26.22,0
3891.0,26.33,0
3892.0,25.89,0
3893.0,26.15,0
3894.0,25.76,0
3895.0,25.97,0
3896.0,26.34,0
3897.0,26.4,0
3898.0,26.22,0
3899.0,26.03,0
3900.0,25.7,0
3901.0,26.11,0
3902.0,25.72,0
3903.0,26.13,0
3904.0,26.54,0
3905.0,26.41,0
3906.0,26.13,0
3907.0,25.7,0
3908.0,26.58,0
3909.0,26.06,0
3910.0,25.82,0
3911.0,25.97,0
3912.0,25.75,0
3913.0,26.18,0
3914.0,26.25,0
3915.0,25.86,0
3916.0,25.74,1
3917.0,26.0,1
3918.0,25.76,1
3919.0,25.63,1
3920.0,25.88,1
3921.0,25.9,1
3922.0,25.21,1
3923.0,26.54,1
3924.0,25.17,1
3925.0,25.29,1
3926.0,25.58,1
3927.0,24.86,1
3928.0,24.9,1
3929.0,24.8,1
3930.0,25.8,1
3931.0,23.84,1
3932.0,24.77,0
3933.0,24.74,0
3934.0,24.87,0
3935.0,25.45,0
3936.0,24.67,0
3937.0,25.03,0
3938.0,25.62,0
3939.0,24.66,0
3940.0,25.37,0
3941.0,25.07,0
3942.0,25.19,0
3943.0,25.22,0
3944.0,25.33,0
3945.0,24.84,0
3946.0,25.97,0
3947.0,25.13,0
3948.0,25.5,0
3949.0,24.6,0
3950.0,25.61,0
3951.0,24.86,0
3952.0,25.45,0
3953.0,25.49,0
3954.0,19.78,0
3955.0,25.68,0
3956.0,25.21,0
3957.0,25.5,0
3958.0,25.49,0
3959.0,25.01,0
3960.0,25.9,0
3961.0,25.59,0
3962.0,30.25,0
3963.0,25.61,0
3964.0,25.9,0
3965.0,25.55,0
3966.0,22.09,0
3967.0,26.0,0
3968.0,25.69,0
3969.0,26.72,0
3970.0,25.06,0
3971.0,26.06,0
3972.0,26.85,0
3973.0,25.97,0
3974.0,25.71,0
3975.0,25.37,0
3976.0,25.48,0
3977.0,25.51,0
3978.0,25.84,0
3979.0,25.58,0
3980.0,26.01,0
3981.0,26.43,0
3982.0,25.83,0
3983.0,25.92,0
3984.0,25.75,0
3985.0,25.85,0
3986.0,26.11,0
3987.0,26.55,0
3988.0,25.83,0
3989.0,25.97,0
3990.0,26.05,0
3991.0,26.05,0
3992.0,25.91,0
3993.0,26.04,0
3994.0,26.1,0
3995.0,26.31,0
3996.0,25.99,0
3997.0,26.11,0
3998.0,26.17,0
3999.0,25.58,0
4000.0,26.2,0
4001.0,26.05,0
4002.0,25.56,0
4003.0,25.7,0
4004.0,26.53,0
4005.0,26.99,0
4006.0,26.57,0
4007.0,26.13,0
4008.0,26.19,0
4009.0,25.97,0
4010.0,25.78,0
4011.0,25.99,0
4012.0,26.03,0
4013.0,25.76,0
4014.0,26.26,0
4015.0,26.13,0
4016.0,25.66,1
4017.0,25.62,1
4018.0,25.84,1
4019.0,25.65,1
4020.0,25.27,1
4021.0,24.97,1
4022.0,25.26,1
4023.0,24.7,1
4024.0,24.81,1
4025.0,24.8,1
4026.0,25.46,1
4027.0,24.29,1
4028.0,25.21,1
4029.0,24.18,1
4030.0,25.17,1
4031.0,24.78,1
4032.0,24.48,1
4033.0,25.09,0
4034.0,24.43,0
4035.0,24.88,0
4036.0,25.24,0
4037.0,24.91,0
4038.0,24.73,0
4039.0,25.05,0
4040.0,24.54,0
4041.0,25.21,0
4042.0,25.52,0
4043.0,24.96,0
4044.0,24.58,0
4045.0,25.69,0
4046.0,25.1,0
4047.0,24.61,0
4048.0,22.22,0
4049.0,25.47,0
4050.0,20.12,0
4051.0,25.26,0
4052.0,25.92,0
4053.0,25.16,0
4054.0,25.43,0
4055.0,25.52,0
4056.0,25.72,0
4057.0,25.89,0
4058.0,26.1,0
4059.0,25.25,0
4060.0,25.27,0
4061.0,25.77,0
4062.0,25.92,0
4063.0,25.93,0
4064.0,25.32,0
4065.0,21.78,0
4066.0,25.08,0
4067.0,25.12,0
4068.0,25.87,0
4069.0,25.55,0
4070.0,25.44,0
4071.0,25.74,0
4072.0,26.16,0
4073.0,25.08,0
4074.0,25.93,0
4075.0,26.29,0
4076.0,26.55,0
4077.0,25.72,0
4078.0,26.19,0
4079.0,25.7,0
4080.0,25.9,0
4081.0,25.66,0
4082.0,26.15,0
4083.0,26.11,0
4084.0,26.01,0
4085.0,26.29,0
4086.0,26.22,0
4087.0,26.07,0
4088.0,26.1,0
4089.0,25.86,0
4090.0,26.07,0
4091.0,26.02,0
4092.0,25.55,0
4093.0,26.65,0
4094.0,25.96,0
4095.0,26.05,0
4096.0,25.92,0
4097.0,26.15,0
4098.0,26.2,0
4099.0,25.33,0
4100.0,26.19,0
4101.0,26.05,0
4102.0,25.7,0
4103.0,25.89,0
4104.0,26.3,0
4105.0,26.04,0
4106.0,26.05,0
4107.0,26.2,0
4108.0,26.19,0
4109.0,26.22,0
4110.0,25.36,0
4111.0,26.32,0
4112.0,26.22,0
4113.0,25.47,1
4114.0,26.35,1
4115.0,25.49,1
4116.0,28.55,1
4117.0,25.8,1
4118.0,25.76,1
4119.0,25.36,1
4120.0,25.24,1
4121.0,25.45,1
4122.0,25.05,1
4123.0,24.32,1
4124.0,24.79,1
4125.0,24.81,1
4126.0,25.18,1
4127.0,24.81,1
4128.0,24.79,1
4129.0,24.42,0
4130.0,25.01,0
4131.0,25.52,0
4132.0,24.93,0
4133.0,25.03,0
4134.0,25.3,0
4135.0,24.76,0
4136.0,25.4,0
4137.0,25.11,0
4138.0,25.26,0
4139.0,24.84,0
4140.0,25.43,0
4141.0,25.61,0
4142.0,25.88,0
4143.0,24.78,0
4144.0,25.07,0
4145.0,25.5,0
4146.0,25.44,0
4147.0,25.24,0
4148.0,25.38,0
4149.0,25.91,0
4150.0,25.92,0
4151.0,25.26,0
4152.0,25.53,0
4153.0,29.77,0
4154.0,25.73,0
4155.0,25.3,0
4156.0,25.24,0
4157.0,25.46,0
4158.0,25.44,0
4159.0,25.49,0
4160.0,25.91,0
4161.0,25.48,0
4162.0,25.33,0
4163.0,25.72,0
4164.0,25.31,0
4165.0,26.24,0
4166.0,25.86,0
4167.0,25.42,0
4168.0,26.02,0
4169.0,25.9,0
4170.0,26.04,0
4171.0,26.19,0
4172.0,25.42,0
4173.0,26.44,0
4174.0,25.89,0
4175.0,25.55,0
4176.0,25.49,0
4177.0,26.05,0
4178.0,26.19,0
4179.0,25.86,0
4180.0,25.87,0
4181.0,26.26,0
4182.0,26.06,0
4183.0,26.45,0
4184.0,25.98,0
4185.0,25.9,0
4186.0,26.12,0
4187.0,26.19,0
4188.0,26.19,0
4189.0,26.02,0
4190.0,25.91,0
4191.0,25.59,0
4192.0,26.31,0
4193.0,25.66,0
4194.0,25.96,0
4195.0,25.87,0
4196.0,25.89,0
4197.0,26.0,0
4198.0,26.01,0
4199.0,25.93,0
4200.0,26.12,0
4201.0,25.93,0
4202.0,26.52,0
4203.0,26.55,0
4204.0,26.22,0
4205.0,25.94,0
4206.0,26.42,0
4207.0,25.59,0
4208.0,25.74,0
4209.0,26.1,0
4210.0,25.92,0
4211.0,25.9,0
4212.0,25.92,0
4213.0,26.17,0
4214.0,26.03,0
4215.0,25.82,1
4216.0,25.71,1
4217.0,21.41,1
4218.0,25.63,1
4219.0,25.9,1
4220.0,25.16,1
4221.0,24.97,1
4222.0,25.58,1
4223.0,25.72,1
4224.0,25.2,1
4225.0,24.95,1
4226.0,25.3,1
4227.0,25.12,1
4228.0,24.39,1
4229.0,24.76,1
4230.0,25.11,1
4231.0,24.7,1
4232.0,24.3,1
4233.0,24.59,0
4234.0,24.82,0
4235.0,24.94,0
4236.0,25.4,0
4237.0,24.99,0
4238.0,24.82,0
4239.0,24.8,0
4240.0,25.08,0
4241.0,25.07,0
4242.0,24.96,0
4243.0,25.2,0
4244.0,25.09,0
4245.0,25.06,0
4246.0,25.23,0
4247.0,28.25,0
4248.0,25.11,0
4249.0,25.02,0
4250.0,25.32,0
4251.0,25.04,0
4252.0,25.82,0
4253.0,25.35,0
4254.0,25.15,0
4255.0,25.14,0
4256.0,25.3,0
4257.0,25.34,0
4258.0,25.48,0
4259.0,25.56,0
4260.0,25.58,0
4261.0,24.81,0
4262.0,25.21,0
4263.0,25.6,0
4264.0,25.49,0
4265.0,25.29,0
4266.0,25.8,0
4267.0,25.76,0
4268.0,25.54,0
4269.0,25.76,0
4270.0,25.65,0
4271.0,25.79,0
4272.0,25.73,0
4273.0,25.95,0
4274.0,25.23,0
4275.0,25.66,0
4276.0,25.88,0
4277.0,25.76,0
4278.0,25.81,0
4279.0,25.65,0
4280.0,25.52,0
4281.0,26.17,0
4282.0,25.34,0
4283.0,25.89,0
4284.0,26.03,0
4285.0,25.84,0
4286.0,26.01,0
4287.0,26.01,0
4288.0,26.07,0
4289.0,25.56,0
4290.0,25.7,0
4291.0,26.08,0
4292.0,26.06,0
4293.0,25.92,0
4294.0,25.84,0
4295.0,26.11,0
4296.0,26.14,0
4297.0,26.44,0
4298.0,25.89,0
4299.0,26.33,0
4300.0,26.09,0
4301.0,25.85,0
4302.0,25.71,0
4303.0,25.95,0
4304.0,25.85,0
4305.0,25.7,0
4306.0,26.13,0
4307.0,25.84,0
4308.0,26.14,0
4309.0,25.78,0
4310.0,26.31,0
4311.0,26.3,0
4312.0,25.72,0
4313.0,26.25,0
4314.0,26.03,0
4315.0,25.69,0
4316.0,25.83,0
4317.0,26.2,1
4318.0,26.14,1
4319.0,25.55,1
4320.0,25.76,1
4321.0,25.44,1
4322.0,25.44,1
4323.0,25.37,1
4324.0,25.35,1
4325.0,26.0,1
4326.0,25.45,1
4327.0,25.62,1
4328.0,25.43,1
4329.0,24.59,1
4330.0,24.98,1
4331.0,24.87,1
4332.0,24.38,1
4333.0,24.91,1
4334.0,25.05,1
4335.0,24.52,1
4336.0,24.65,1
4337.0,24.0,1
4338.0,24.16,1
4339.0,24.04,1
4340.0,24.67,0
4341.0,23.63,0
4342.0,24.51,0
4343.0,24.47,0
4344.0,24.48,0
4345.0,24.46,0
4346.0,24.44,0
4347.0,24.78,0
4348.0,24.51,0
4349.0,24.84,0
4350.0,24.91,0
4351.0,25.33,0
4352.0,24.63,0
4353.0,25.06,0
4354.0,24.77,0
4355.0,20.51,0
4356.0,24.45,0
4357.0,25.36,0
4358.0,25.06,0
4359.0,25.26,0
4360.0,25.5,0
4361.0,25.26,0
4362.0,25.41,0
4363.0,25.49,0
4364.0,25.16,0
4365.0,25.77,0
4366.0,25.45,0
4367.0,25.64,0
4368.0,25.32,0
4369.0,26.0,0
4370.0,24.94,0
4371.0,25.22,0
4372.0,25.55,0
4373.0,26.09,0
4374.0,25.37,0
4375.0,26.18,0
4376.0,25.52,0
4377.0,25.37,0
4378.0,26.18,0
4379.0,25.22,0
4380.0,25.93,0
4381.0,25.61,0
4382.0,25.39,0
4383.0,26.04,0
4384.0,25.34,0
4385.0,26.02,0
4386.0,25.94,0
4387.0,25.69,0
4388.0,25.54,0
4389.0,26.38,0
4390.0,26.23,0
4391.0,26.07,0
4392.0,25.64,0
4393.0,25.81,0
4394.0,26.35,0
4395.0,26.25,0
4396.0,26.05,0
4397.0,26.13,0
4398.0,26.03,0
4399.0,26.12,0
4400.0,25.95,0
4401.0,25.8,0
4402.0,26.21,0
4403.0,26.03,0
4404.0,25.65,0
4405.0,25.44,0
4406.0,25.87,0
4407.0,25.74,0
4408.0,26.83,0
4409.0,26.29,0
4410.0,25.82,0
4411.0,26.33,0
4412.0,25.78,0
4413.0,26.47,0
4414.0,25.87,0
4415.0,26.01,0
4416.0,26.47,0
4417.0,26.11,0
4418.0,25.41,0
4419.0,25.52,1
4420.0,25.39,1
4421.0,26.82,1
4422.0,25.72,1
4423.0,25.47,1
4424.0,26.03,1
4425.0,25.64,1
4426.0,25.03,1
4427.0,21.48,1
4428.0,25.77,1
4429.0,24.9,1
4430.0,25.63,1
4431.0,24.79,1
4432.0,24.93,1
4433.0,24.59,1
4434.0,24.75,1
4435.0,24.71,1
4436.0,24.71,1
4437.0,24.32,1
4438.0,24.44,1
4439.0,24.6,1
4440.0,24.1,1
4441.0,24.27,1
4442.0,24.23,1
4443.0,24.1,1
4444.0,24.74,1
4445.0,23.84,0
4446.0,23.97,0
4447.0,24.06,0
4448.0,24.43,0
4449.0,23.79,0
4450.0,24.14,0
4451.0,24.45,0
4452.0,23.99,0
4453.0,24.5,0
4454.0,24.85,0
4455.0,24.63,0
4456.0,24.94,0
4457.0,24.72,0
4458.0,24.23,0
4459.0,25.15,0
4460.0,25.09,0
4461.0,24.99,0
4462.0,24.84,0
4463.0,25.45,0
4464.0,20.88,0
4465.0,24.67,0
4466.0,25.06,0
4467.0,25.9,0
4468.0,25.07,0
4469.0,25.45,0
4470.0,25.01,0
4471.0,25.44,0
4472.0,25.22,0
4473.0,25.17,0
4474.0,25.51,0
4475.0,25.85,0
4476.0,25.09,0
4477.0,25.77,0
4478.0,25.42,0
4479.0,25.36,0
4480.0,25.05,0
4481.0,25.72,0
4482.0,25.98,0
4483.0,25.62,0
4484.0,25.6,0
4485.0,25.87,0
4486.0,25.84,0
4487.0,26.02,0
4488.0,25.74,0
4489.0,25.72,0
4490.0,25.75,0
4491.0,25.56,0
4492.0,25.45,0
4493.0,25.62,0
4494.0,26.09,0
4495.0,26.03,0
4496.0,26.44,0
4497.0,26.14,0
4498.0,26.33,0
4499.0,26.4,0
4500.0,26.25,0
4501.0,25.63,0
4502.0,25.85,0
4503.0,25.95,0
4504.0,26.08,0
4505.0,26.21,0
4506.0,26.07,0
4507.0,25.91,0
4508.0,25.98,0
4509.0,26.16,0
4510.0,25.9,0
4511.0,25.93,0
4512.0,26.14,0
4513.0,25.75,0
4514.0,25.91,0
4515.0,25.97,0
4516.0,26.04,0
4517.0,26.1,0
4518.0,25.75,0
4519.0,25.87,0
4520.0,26.22,0
4521.0,26.05,0
4522.0,25.87,0
4523.0,26.19,0
4524.0,26.16,0
4525.0,25.89,1
4526.0,21.38,1
4527.0,25.58,1
4528.0,25.41,1
4529.0,25.6,1
4530.0,25.76,1
4531.0,25.35,1
4532.0,26.19,1
4533.0,25.37,1
4534.0,25.38,1
4535.0,25.54,1
4536.0,25.27,1
4537.0,24.89,1
4538.0,20.29,1
4539.0,24.88,1
4540.0,24.45,1
4541.0,25.11,1
4542.0,24.5,1
4543.0,24.2,1
4544.0,24.03,1
4545.0,24.32,1
4546.0,24.56,1
4547.0,24.4,1
4548.0,23.7,1
4549.0,23.66,1
4550.0,24.14,0
4551.0,24.4,0
4552.0,24.22,0
4553.0,24.12,0
4554.0,23.97,0
4555.0,24.43,0
4556.0,24.45,0
4557.0,24.9,0
4558.0,24.39,0
4559.0,24.69,0
4560.0,24.5,0
4561.0,24.68,0
4562.0,24.9,0
4563.0,25.06,0
4564.0,29.39,0
4565.0,25.12,0
4566.0,24.99,0
4567.0,24.99,0
4568.0,25.17,0
4569.0,24.91,0
4570.0,25.47,0
4571.0,25.19,0
4572.0,25.03,0
4573.0,25.56,0
4574.0,25.6,0
4575.0,25.47,0
4576.0,25.37,0
4577.0,25.13,0
4578.0,25.53,0
4579.0,25.74,0
4580.0,25.45,0
4581.0,25.26,0
4582.0,25.76,0
4583.0,25.54,0
4584.0,25.23,0
4585.0,25.75,0
4586.0,26.05,0
4587.0,25.81,0
4588.0,25.26,0
4589.0,25.66,0
4590.0,25.98,0
4591.0,25.39,0
4592.0,25.53,0
4593.0,25.9,0
4594.0,25.46,0
4595.0,25.82,0
4596.0,25.39,0
4597.0,25.57,0
4598.0,25.55,0
4599.0,26.02,0
4600.0,25.78,0
4601.0,26.07,0
4602.0,25.92,0
4603.0,26.08,0
4604.0,26.05,0
4605.0,25.93,0
4606.0,25.87,0
4607.0,25.9,0
4608.0,26.0,0
4609.0,26.44,0
4610.0,26.1,0
4611.0,26.07,0
4612.0,25.82,0
4613.0,25.98,0
4614.0,25.94,0
4615.0,26.16,0
4616.0,25.81,0
4617.0,25.96,0
4618.0,26.27,0
4619.0,25.88,0
4620.0,25.98,0
4621.0,26.79,0
4622.0,26.2,0
4623.0,26.07,0
4624.0,26.07,0
4625.0,26.21,0
4626.0,25.68,0
4627.0,26.07,0
4628.0,25.77,0
4629.0,26.2,0
4630.0,25.74,0
4631.0,26.24,0
4632.0,26.55,0
4633.0,25.87,1
4634.0,25.97,1
4635.0,25.57,1
4636.0,25.86,1
4637.0,25.37,1
4638.0,25.14,1
4639.0,25.64,1
4640.0,25.47,1
4641.0,25.35,1
4642.0,24.55,1
4643.0,25.14,1
4644.0,25.03,1
4645.0,24.76,1
4646.0,25.03,1
4647.0,25.35,1
4648.0,25.17,1
4649.0,24.11,1
4650.0,24.84,1
4651.0,24.77,1
4652.0,24.41,1
4653.0,23.7,1
4654.0,24.63,1
4655.0,23.73,0
4656.0,24.29,0
4657.0,24.27,0
4658.0,24.87,0
4659.0,24.59,0
4660.0,24.66,0
4661.0,24.38,0
4662.0,24.88,0
4663.0,25.05,0
4664.0,25.07,0
4665.0,25.14,0
4666.0,24.88,0
4667.0,24.93,0
4668.0,24.57,0
4669.0,25.38,0
4670.0,24.64,0
4671.0,24.49,0
4672.0,25.2,0
4673.0,24.79,0
4674.0,25.43,0
4675.0,25.85,0
4676.0,25.52,0
4677.0,24.94,0
4678.0,25.81,0
4679.0,25.72,0
4680.0,25.38,0
4681.0,25.51,0
4682.0,25.17,0
4683.0,25.4,0
4684.0,25.31,0
4685.0,25.83,0
4686.0,25.17,0
4687.0,25.78,0
4688.0,25.02,0
4689.0,25.85,0
4690.0,25.62,0
4691.0,25.69,0
4692.0,25.54,0
4693.0,25.65,0
4694.0,25.79,0
4695.0,26.0,0
4696.0,25.84,0
4697.0,25.64,0
4698.0,25.72,0
4699.0,25.6,0
4700.0,25.83,0
4701.0,26.03,0
4702.0,26.14,0
4703.0,25.46,0
4704.0,25.8,0
4705.0,25.98,0
4706.0,26.43,0
4707.0,25.71,0
4708.0,25.71,0
4709.0,25.78,0
4710.0,26.04,0
4711.0,26.11,0
4712.0,25.84,0
4713.0,25.33,0
4714.0,26.02,0
4715.0,26.41,0
4716.0,25.9,0
4717.0,25.86,0
4718.0,26.09,0
4719.0,26.0,0
4720.0,25.83,0
4721.0,25.77,0
4722.0,26.05,0
4723.0,26.45,0
4724.0,26.15,0
4725.0,25.24,0
4726.0,25.83,0
4727.0,26.12,0
4728.0,26.37,0
4729.0,25.44,0
4730.0,26.71,0
4731.0,25.94,0
4732.0,26.56,0
4733.0,25.39,0
4734.0,26.33,1
4735.0,25.34,1
4736.0,25.85,1
4737.0,25.62,1
4738.0,26.11,1
4739.0,25.94,1
4740.0,25.32,1
4741.0,25.28,1
4742.0,25.82,1
4743.0,25.44,1
4744.0,24.78,1
4745.0,25.24,1
4746.0,25.1,1
4747.0,24.62,1
4748.0,25.04,1
4749.0,24.98,1
4750.0,23.76,1
4751.0,24.24,1
4752.0,24.35,1
4753.0,23.42,1
4754.0,24.78,1
4755.0,24.16,0
4756.0,23.98,0
4757.0,24.68,0
4758.0,24.31,0
4759.0,24.64,0
4760.0,24.93,0
4761.0,24.71,0
4762.0,24.19,0
4763.0,24.57,0
4764.0,24.45,0
4765.0,24.71,0
4766.0,24.4,0
4767.0,24.96,0
4768.0,24.45,0
4769.0,24.87,0
4770.0,25.25,0
4771.0,25.48,0
4772.0,25.84,0
4773.0,25.25,0
4774.0,24.84,0
4775.0,26.41,0
4776.0,24.78,0
4777.0,24.75,0
4778.0,25.35,0
4779.0,25.75,0
4780.0,24.47,0
4781.0,24.81,0
4782.0,25.23,0
4783.0,25.13,0
4784.0,25.33,0
4785.0,25.69,0
4786.0,25.7,0
4787.0,25.49,0
4788.0,25.37,0
4789.0,24.5,0
4790.0,25.89,0
4791.0,25.25,0
4792.0,26.53,0
4793.0,25.11,0
4794.0,25.78,0
4795.0,20.61,0
4796.0,25.73,0
4797.0,25.03,0
4798.0,25.94,0
4799.0,25.36,0
4800.0,25.61,0
4801.0,25.94,0
4802.0,25.86,0
4803.0,25.73,0
4804.0,26.09,0
4805.0,26.18,0
4806.0,25.63,0
4807.0,26.03,0
4808.0,26.03,0
4809.0,26.04,0
4810.0,26.02,0
4811.0,26.11,0
4812.0,25.9,0
4813.0,25.88,0
4814.0,26.18,0
4815.0,25.97,0
4816.0,26.21,0
4817.0,26.22,0
4818.0,26.0,0
4819.0,25.97,0
4820.0,26.11,0
4821.0,26.14,0
4822.0,25.93,0
4823.0,26.32,0
4824.0,26.47,0
4825.0,26.55,0
4826.0,25.96,0
4827.0,26.13,0
4828.0,26.52,0
4829.0,25.9,0
4830.0,25.98,0
4831.0,26.36,0
4832.0,25.85,0
4833.0,26.14,0
4834.0,26.26,0
4835.0,25.85,0
4836.0,25.58,0
4837.0,25.85,1
4838.0,25.29,1
4839.0,25.91,1
4840.0,25.96,1
4841.0,26.13,1
4842.0,25.55,1
4843.0,25.07,1
4844.0,24.93,1
4845.0,25.51,1
4846.0,24.99,1
4847.0,24.54,1
4848.0,24.81,1
4849.0,24.82,1
4850.0,24.74,1
4851.0,25.15,1
4852.0,25.06,1
4853.0,24.71,1
4854.0,24.79,1
4855.0,24.37,1
4856.0,24.52,1
4857.0,24.46,1
4858.0,24.7,0
4859.0,24.23,0
4860.0,24.92,0
4861.0,24.76,0
4862.0,24.61,0
4863.0,24.33,0
4864.0,24.65,0
4865.0,25.34,0
4866.0,24.79,0
4867.0,24.73,0
4868.0,19.6,0
4869.0,24.75,0
4870.0,20.68,0
4871.0,25.52,0
4872.0,25.47,0
4873.0,24.55,0
4874.0,25.15,0
4875.0,25.37,0
4876.0,25.2,0
4877.0,25.66,0
4878.0,25.04,0
4879.0,25.65,0
4880.0,24.85,0
4881.0,25.19,0
4882.0,25.47,0
4883.0,25.58,0
4884.0,25.5,0
4885.0,25.75,0
4886.0,25.72,0
4887.0,25.64,0
4888.0,25.1,0
4889.0,26.23,0
4890.0,25.4,0
4891.0,25.78,0
4892.0,25.39,0
4893.0,26.07,0
4894.0,26.02,0
4895.0,25.7,0
4896.0,25.94,0
4897.0,25.85,0
4898.0,26.14,0
4899.0,25.42,0
4900.0,25.8,0
4901.0,21.79,0
4902.0,25.62,0
4903.0,25.53,0
4904.0,25.76,0
4905.0,25.74,0
4906.0,25.75,0
4907.0,25.86,0
4908.0,26.12,0
4909.0,25.54,0
4910.0,26.06,0
4911.0,26.05,0
4912.0,26.34,0
4913.0,26.25,0
4914.0,25.81,0
4915.0,26.01,0
4916.0,26.0,0
4917.0,25.7,0
4918.0,25.92,0
4919.0,26.28,0
4920.0,25.75,0
4921.0,25.87,0
4922.0,26.02,0
4923.0,26.34,0
4924.0,25.92,0
4925.0,26.19,0
4926.0,26.05,0
4927.0,26.02,0
4928.0,26.14,0
4929.0,25.9,0
4930.0,25.53,0
4931.0,26.78,0
4932.0,25.72,0
4933.0,25.79,0
4934.0,26.0,0
4935.0,26.1,0
4936.0,26.07,0
4937.0,25.82,0
4938.0,26.21,0
4939.0,26.35,0
4940.0,26.18,0
4941.0,25.94,0
4942.0,26.24,0
4943.0,25.64,0
4944.0,25.92,1
4945.0,26.1,1
4946.0,25.25,1
4947.0,25.51,1
4948.0,25.62,1
4949.0,25.45,1
4950.0,25.66,1
4951.0,25.37,1
4952.0,25.67,1
4953.0,25.42,1
4954.0,25.56,1
4955.0,24.44,1
4956.0,24.94,1
4957.0,25.02,1
4958.0,24.62,1
4959.0,24.75,1
4960.0,25.01,1
4961.0,24.51,1
4962.0,24.5,1
4963.0,24.85,1
4964.0,24.3,1
4965.0,24.39,1
4966.0,24.56,1
4967.0,24.72,1
4968.0,23.79,1
4969.0,20.01,1
4970.0,24.07,0
4971.0,24.19,0
4972.0,24.51,0
4973.0,24.08,0
4974.0,24.38,0
4975.0,24.45,0
4976.0,24.36,0
4977.0,24.24,0
4978.0,24.51,0
4979.0,24.54,0
4980.0,24.46,0
4981.0,24.74,0
4982.0,25.02,0
4983.0,24.25,0
4984.0,24.36,0
4985.0,24.41,0
4986.0,25.05,0
4987.0,24.92,0
4988.0,25.37,0
4989.0,25.16,0
4990.0,24.84,0
4991.0,25.25,0
4992.0,24.97,0
4993.0,25.03,0
4994.0,25.19,0
4995.0,24.9,0
4996.0,24.56,0
4997.0,25.5,0
4998.0,25.2,0
4999.0,25.34,0
5000.0,25.69,0
5001.0,25.68,0
5002.0,25.24,0
5003.0,25.43,0
5004.0,25.66,0
5005.0,25.8,0
5006.0,25.64,0
5007.0,25.71,0
5008.0,25.6,0
5009.0,25.73,0
5010.0,25.62,0
5011.0,25.81,0
5012.0,25.62,0
5013.0,25.62,0
5014.0,25.86,0
5015.0,25.58,0
5016.0,25.7,0
5017.0,25.25,0
5018.0,25.48,0
5019.0,25.79,0
5020.0,26.06,0
5021.0,25.65,0
5022.0,25.63,0
5023.0,26.37,0
5024.0,26.37,0
5025.0,25.93,0
5026.0,25.8,0
5027.0,25.97,0
5028.0,26.03,0
5029.0,25.85,0
5030.0,26.55,0
5031.0,26.11,0
5032.0,26.28,0
5033.0,26.12,0
5034.0,25.83,0
5035.0,25.82,0
5036.0,26.03,0
5037.0,26.18,0
5038.0,25.84,0
5039.0,25.85,0
5040.0,25.76,0
5041.0,25.79,0
5042.0,26.02,0
5043.0,26.56,0
5044.0,26.12,0
5045.0,25.9,0
5046.0,26.31,0
5047.0,26.28,0
5048.0,26.06,0
5049.0,25.85,0
5050.0,26.05,0
5051.0,26.35,0
5052.0,25.71,1
5053.0,25.76,1
5054.0,26.06,1
5055.0,25.66,1
5056.0,25.95,1
5057.0,25.09,1
5058.0,25.47,1
5059.0,25.54,1
5060.0,26.01,1
5061.0,25.18,1
5062.0,25.18,1
5063.0,24.95,1
5064.0,24.6,1
5065.0,24.79,1
5066.0,24.74,1
5067.0,23.88,1
5068.0,24.12,1
5069.0,24.77,1
5070.0,25.41,1
5071.0,24.62,1
5072.0,24.28,1
5073.0,24.55,0
5074.0,24.78,0
5075.0,24.51,0
5076.0,24.44,0
5077.0,25.31,0
5078.0,24.24,0
5079.0,24.11,0
5080.0,25.15,0
5081.0,24.76,0
5082.0,25.1,0
5083.0,25.2,0
5084.0,24.85,0
5085.0,24.76,0
5086.0,24.79,0
5087.0,25.4,0
5088.0,25.13,0
5089.0,25.21,0
5090.0,25.24,0
5091.0,25.78,0
5092.0,25.33,0
5093.0,25.17,0
5094.0,25.32,0
5095.0,25.5,0
5096.0,24.86,0
5097.0,25.44,0
5098.0,25.08,0
5099.0,25.17,0
5100.0,24.99,0
5101.0,25.51,0
5102.0,25.21,0
5103.0,25.66,0
5104.0,25.7,0
5105.0,25.38,0
5106.0,25.02,0
5107.0,25.88,0
5108.0,25.64,0
5109.0,25.92,0
5110.0,25.67,0
5111.0,25.67,0
5112.0,25.3,0
5113.0,25.44,0
5114.0,26.11,0
5115.0,25.86,0
5116.0,25.09,0
5117.0,25.65,0
5118.0,25.99,0
5119.0,25.99,0
5120.0,25.77,0
5121.0,26.1,0
5122.0,26.14,0
5123.0,25.74,0
5124.0,25.81,0
5125.0,26.1,0
5126.0,26.01,0
5127.0,26.04,0
5128.0,25.93,0
5129.0,26.13,0
5130.0,26.02,0
5131.0,26.02,0
5132.0,25.87,0
5133.0,26.16,0
5134.0,26.23,0
5135.0,26.06,0
5136.0,26.31,0
5137.0,25.88,0
5138.0,25.78,0
5139.0,26.04,0
5140.0,26.24,0
5141.0,26.27,0
5142.0,25.91,0
5143.0,25.96,0
5144.0,25.83,0
5145.0,26.21,0
5146.0,25.31,0
5147.0,26.44,0
5148.0,26.01,0
5149.0,25.94,0
5150.0,25.34,0
5151.0,26.16,0
5152.0,26.1,0
5153.0,25.89,0
5154.0,26.07,0
5155.0,26.77,0
5156.0,26.29,0
5157.0,25.94,0
5158.0,25.54,1
5159.0,25.59,1
5160.0,25.57,1
5161.0,25.35,1
5162.0,24.98,1
5163.0,25.77,1
5164.0,25.92,1
5165.0,25.27,1
5166.0,25.03,1
5167.0,24.84,1
5168.0,25.0,1
5169.0,24.94,1
5170.0,24.79,1
5171.0,25.32,1
5172.0,24.82,1
5173.0,24.81,1
5174.0,24.06,1
5175.0,24.69,1
5176.0,24.53,1
5177.0,24.25,0
5178.0,24.6,0
5179.0,24.46,0
5180.0,24.62,0
5181.0,24.8,0
5182.0,24.75,0
5183.0,24.93,0
5184.0,24.33,0
5185.0,25.13,0
5186.0,20.13,0
5187.0,25.06,0
5188.0,25.19,0
5189.0,26.18,0
5190.0,24.79,0
5191.0,25.49,0
5192.0,24.62,0
5193.0,24.88,0
5194.0,25.95,0
5195.0,25.09,0
5196.0,24.89,0
5197.0,24.99,0
5198.0,24.96,0
5199.0,25.65,0
5200.0,25.28,0
5201.0,24.92,0
5202.0,24.77,0
5203.0,25.58,0
5204.0,25.22,0
5205.0,25.25,0
5206.0,25.9,0
5207.0,26.09,0
5208.0,26.48,0
5209.0,25.81,0
5210.0,25.56,0
5211.0,25.4,0
5212.0,25.58,0
5213.0,25.31,0
5214.0,26.16,0
5215.0,25.97,0
5216.0,25.56,0
5217.0,25.55,0
5218.0,25.77,0
5219.0,25.3,0
5220.0,25.31,0
5221.0,25.24,0
5222.0,26.02,0
5223.0,26.05,0
5224.0,25.2,0
5225.0,26.06,0
